nama,link,latitude,longitude,kecamatan_query,rating,jumlah_ulasan,harga_median_ulasan,harga_min,harga_maks,n_sebutan_harga,usia_tahun_median,kutipan,sumber_harga
Kost Pak Hidayat,https://www.google.com/maps/place/Kost+Pak+Hidayat/data=!4m7!3m6!1s0x2dd7fb5077c0ccf3:0x298c03cec3485100!8m2!3d-7.3057437!4d112.731075!16s%2Fg%2F11qrhbglr3!19sChIJ88zAd1D71y0RAFFIw84DjCk?authuser=0&hl=id&g_ep=EgoyMDI2MDkwOS4wIJJjKgBIAVAD&rclk=1,-7.3057437,112.731075,wonokromo,,14,700000,700000,700000,2,0.75,theri hendr 4 ulasan · 1 foto       9 bulan lalu Untuk uang kos nya berapaan pak?  Suka  Bagikan Tanggapan dari pemilik 8 bulan lalu Mulai dari 700 ribu,ulasan Google Maps
RUMAH KOST EIFFEL,https://www.google.com/maps/place/RUMAH+KOST+EIFFEL/data=!4m7!3m6!1s0x2dd7fb77e57bd377:0x3bf6a2c5fc743364!8m2!3d-7.308696!4d112.7282127!16s%2Fg%2F11hczy_b6m!19sChIJd9N75Xf71y0RZDN0_MWi9js?authuser=0&hl=id&g_ep=EgoyMDI2MDkwOS4wIJJjKgBIAVAD&rclk=1,-7.308696,112.7282127,wonokromo,,40,1000000,1000000,1000000,3,2.0,"Amar Rangga Local Guide · 14 ulasan       2 tahun lalu Air sering mati dan kotor, fasilitas minim tidak sebanding dengan harga. Harga 1 jt ke atas cuma dp",ulasan Google Maps
Zhafira Kost,https://www.google.com/maps/place/Zhafira+Kost/data=!4m7!3m6!1s0x2dd7fbdea7a09af7:0xb5b42faf6c63798d!8m2!3d-7.3055394!4d112.726514!16s%2Fg%2F11l9qmw16j!19sChIJ95qgp9771y0RjXljbK8vtLU?authuser=0&hl=id&g_ep=EgoyMDI2MDkwOS4wIJJjKgBIAVAD&rclk=1,-7.3055394,112.726514,wonokromo,,4,1000000,1000000,1000000,3,4.0,Intan Diah Pratiwi Local Guide · 195 ulasan · 2.346 foto       Diedit 4 tahun lalu Kos untuk putri. Harga terjangkau (di bawah 1juta) dengan fasilitas tia,ulasan Google Maps
Kost Pria Pak Heru,https://www.google.com/maps/place/Kost+Pria+Pak+Heru/data=!4m7!3m6!1s0x2dd7fb004d93bae1:0xb09e060bbe4aaee8!8m2!3d-7.3061789!4d112.7259684!16s%2Fg%2F11zbbxcv3k!19sChIJ4bqTTQD71y0R6K5KvgsGnrA?authuser=0&hl=id&g_ep=EgoyMDI2MDkwOS4wIJJjKgBIAVAD&rclk=1,-7.3061789,112.7259684,wonokromo,,2,852306,852306,852306,2,0.25,Rachmat Krisna 3 ulasan · 7 foto       3 bulan lalu Tanggapan dari pemilik sebulan lalu Nomor Untuk menghubungi punya kost 085230621230,ulasan Google Maps
NOER Inn ( Kost Pria),https://www.google.com/maps/place/NOER+Inn+%28+Kost+Pria%29/data=!4m7!3m6!1s0x2dd7fba2a0c75a03:0x376eff4fff7d8376!8m2!3d-7.2983419!4d112.7391753!16s%2Fg%2F11b7f2jqj7!19sChIJA1rHoKL71y0RdoN9_0__bjc?authuser=0&hl=id&g_ep=EgoyMDI2MDkwOS4wIJJjKgBIAVAD&rclk=1,-7.2983419,112.7391753,wonokromo,,9,700000,700000,700000,3,2.0,"Siasong Yoga Local Guide · 48 ulasan · 289 foto       2 tahun lalu Suasana nyaman,anti banjir ±700rb/bulan, khusus laki2  Suka  Bagikan",ulasan Google Maps
AL - Makmur Kost,https://www.google.com/maps/place/AL+-+Makmur+Kost/data=!4m7!3m6!1s0x2dd7fb50c7b02359:0xbad07fd2fc7231a6!8m2!3d-7.2699518!4d112.7523711!16s%2Fg%2F11g0gpkkdb!19sChIJWSOwx1D71y0RpjFy_NJ_0Lo?authuser=0&hl=id&g_ep=EgoyMDI2MDkwOS4wIJJjKgBIAVAD&rclk=1,-7.2699518,112.7523711,gubeng,,30,550000,300000,800000,6,4.0,Hani NA Local Guide · 7 ulasan · 9 foto       4 tahun lalu Jadilah ibu kos yg amanah 800k tidak jadi menempati Tapi Dikembalikan hanya 300k Semoga harimu ,ulasan Google Maps
Kost Putri Dekat Unair,https://www.google.com/maps/place/Kost+Putri+Dekat+Unair/data=!4m7!3m6!1s0x2dd7fbc33ff364ad:0xeeecb0103cb5180!8m2!3d-7.2723382!4d112.7627284!16s%2Fg%2F11f9xb41b8!19sChIJrWTzP8P71y0RgFHLAwHL7g4?authuser=0&hl=id&g_ep=EgoyMDI2MDkwOS4wIJJjKgBIAVAD&rclk=1,-7.2723382,112.7627284,gubeng,,167,813314,813309,813319,12,0.33,"Grace Koagouw 5 ulasan · 4 foto       7 bulan lalu Kostnya bersih, pemiliknya sangat baik. Worth every penny! 👍👍👍👍 …  Suka  Bagikan Tanggapan dari pemil",ulasan Google Maps
Athaya Co Living,https://www.google.com/maps/place/Athaya+Co+Living/data=!4m10!3m9!1s0x2dd7fbd1057b9b39:0xb29da8eb505a1cdb!5m2!4m1!1i2!8m2!3d-7.2734021!4d112.7546667!16s%2Fg%2F11clfj_rdl!19sChIJOZt7BdH71y0R2xxaUOuonbI?authuser=0&hl=id&g_ep=EgoyMDI2MDkwOS4wIJJjKgBIAVAD&rclk=1,-7.2734021,112.7546667,gubeng,,68,1950000,1200000,2700000,4,1.0,vela winput 7 ulasan · 3 foto  4/5 setahun lalu di Google kalau perbulan berapa? apa sudaj include km dlm dan ac?  1  Bagikan Tanggapan dari pemilik setahun ,ulasan Google Maps
Umar's Kost Mojo (Kost Putri Dekat UNAIR),https://www.google.com/maps/place/Umar%27s+Kost+Mojo+%28Kost+Putri+Dekat+UNAIR%29/data=!4m7!3m6!1s0x2dd7fb15c97ee663:0x5afb9eb0b94b7aeb!8m2!3d-7.2685767!4d112.7652665!16s%2Fg%2F11f75zbsfq!19sChIJY-Z-yRX71y0R63pLubCe-1o?authuser=0&hl=id&g_ep=EgoyMDI2MDkwOS4wIJJjKgBIAVAD&rclk=1,-7.2685767,112.7652665,gubeng,,33,1200000,1200000,1200000,6,4.5,"NN neeeh Local Guide · 45 ulasan · 28 foto       3 tahun lalu Harga 1.2 juta fasilitas ac, kamar mandi dalam tpt tidur lemari meja Bapak pemiliknya baik s",ulasan Google Maps
Kost Amanah (Putri),https://www.google.com/maps/place/Kost+Amanah+%28Putri%29/data=!4m7!3m6!1s0x2dd7fbe04450334b:0x90d5d9fab12713a9!8m2!3d-7.2730806!4d112.7550544!16s%2Fg%2F11jt9vncys!19sChIJSzNQROD71y0RqRMnsfrZ1ZA?authuser=0&hl=id&g_ep=EgoyMDI2MDkwOS4wIJJjKgBIAVAD&rclk=1,-7.2730806,112.7550544,gubeng,,16,600000,600000,822335,5,2.29,Nasya Putri 5 ulasan       Diedit 7 bulan lalu adakah kamar kos yang tersedia untuk bulan februari/ maret?  Suka  Bagikan Tanggapan dari pemilik 7 bulan,ulasan Google Maps
KOST KTB 38 ( Kost Mahasiswa dan Karyawan),https://www.google.com/maps/place/KOST+KTB+38+%28+Kost+Mahasiswa+dan+Karyawan%29/data=!4m7!3m6!1s0x2dd7fbd71414e343:0xfbcc7cbd35fe526e!8m2!3d-7.2669893!4d112.762489!16s%2Fg%2F11j1smfr19!19sChIJQ-MUFNf71y0RblL-Nb18zPs?authuser=0&hl=id&g_ep=EgoyMDI2MDkwOS4wIJJjKgBIAVAD&rclk=1,-7.2669893,112.762489,gubeng,,11,700000,700000,700000,3,1.0,"mhanafiakh Local Guide · 596 ulasan · 858 foto       Diedit setahun lalu bagus bersih, sewa kamar mulai harga 700rb/bln, fasilitas cukup lengkap, dan stra",ulasan Google Maps
Kost Putra Ivandio,https://www.google.com/maps/place/Kost+Putra+Ivandio/data=!4m7!3m6!1s0x2dd7fb0068a4decd:0x86e2553bd99e771a!8m2!3d-7.2747685!4d112.7613843!16s%2Fg%2F11ww96dtzs!19sChIJzd6kaAD71y0RGnee2TtV4oY?authuser=0&hl=id&g_ep=EgoyMDI2MDkwOS4wIJJjKgBIAVAD&rclk=1,-7.2747685,112.7613843,gubeng,,17,1300000,1300000,1300000,3,1.0,"Budi Setiawan Local Guide · 2.264 ulasan · 5.043 foto       setahun lalu lumayan bersih kos nya, rata rata harga mulai 1.3 juta dengan AC  Suka  Bagikan",ulasan Google Maps
Rumah kost & Homestay PK 31,https://www.google.com/maps/place/Rumah+kost+%26+Homestay+PK+31/data=!4m10!3m9!1s0x2dd7fbb7de44b153:0x89d37fc3de00950!5m2!4m1!1i2!8m2!3d-7.2868341!4d112.7526273!16s%2Fg%2F11cn069424!19sChIJU7FE3rf71y0RUAngPfw3nQg?authuser=0&hl=id&g_ep=EgoyMDI2MDkwOS4wIJJjKgBIAVAD&rclk=1,-7.2868341,112.7526273,gubeng,,29,852328,852328,852328,2,9.0,"nikma jannah Local Guide · 14 ulasan · 17 foto  4/5 9 tahun lalu di Google Nyaman, full ac dan wifi, parkir cukup buat 4 mobil, dekat dg pasar.  1  Bagikan T",ulasan Google Maps
La Tana Hotel,https://www.google.com/maps/place/La+Tana+Hotel/data=!4m7!3m6!1s0x2dd7fb324ee28d7d:0x74b80f2bc864ae3e!8m2!3d-7.2809868!4d112.7582993!16s%2Fg%2F11r_d_nhh8!19sChIJfY3iTjL71y0RPq5kyCsPuHQ?authuser=0&hl=id&g_ep=EgoyMDI2MDkwOS4wIJJjKgBIAVAD&rclk=1,-7.2809868,112.7582993,gubeng,,200,200000,200000,200000,3,0.92,Ari Fanani Local Guide · 144 ulasan · 138 foto  4/5 11 bulan lalu di Google Cari penginapan dekat dengan rumah sakit pura raharja dan mutuskan disini. Pelayana,ulasan Google Maps
Kos Putri Eksklusif Teratai Nusantara - ITS UNAIR,https://www.google.com/maps/place/Kos+Putri+Eksklusif+Teratai+Nusantara+-+ITS+UNAIR/data=!4m7!3m6!1s0x2dd7fa7188ef9975:0xc483a7d936fafd2f!8m2!3d-7.289237!4d112.8009031!16s%2Fg%2F11dylzd2c8!19sChIJdZnviHH61y0RL_36Ntmng8Q?authuser=0&hl=id&g_ep=EgoyMDI2MDkwOS4wIJJjKgBIAVAD&rclk=1,-7.289237,112.8009031,keputih,,35,1800000,1800000,1800000,3,0.08,"nurrohmah abduljamil Local Guide · 385 ulasan · 903 foto       sebulan lalu Tempat kos putri harga kamar dirange 1.8 juta kertas,tempat bersih dan terjaga",ulasan Google Maps
KOS ITS LHOKTUAN (Kos mahasiswa ),https://www.google.com/maps/place/KOS+ITS+LHOKTUAN+%28Kos+mahasiswa+%29/data=!4m7!3m6!1s0x2dd7fbbb53b9f1fd:0x9d6fbebd272da5eb!8m2!3d-7.2900329!4d112.8038155!16s%2Fg%2F11fl5r4jtd!19sChIJ_fG5U7v71y0R66UtJ72-b50?authuser=0&hl=id&g_ep=EgoyMDI2MDkwOS4wIJJjKgBIAVAD&rclk=1,-7.2900329,112.8038155,keputih,,17,1525000,1350000,1700000,6,2.0,Elly Yuliati Local Guide · 268 ulasan · 1.065 foto       2 tahun lalu Lokasi kost dipinggir jalan. Terdiri dari 3 macam tipe kamar tidur. Kamar tidur deng,ulasan Google Maps
Kos Putra Pondok Isna,https://www.google.com/maps/place/Kos+Putra+Pondok+Isna/data=!4m7!3m6!1s0x2dd7fa71d47c3349:0x5915c6a24c8fd949!8m2!3d-7.2914276!4d112.7991587!16s%2Fg%2F11cryd5_ml!19sChIJSTN81HH61y0RSdmPTKLGFVk?authuser=0&hl=id&g_ep=EgoyMDI2MDkwOS4wIJJjKgBIAVAD&rclk=1,-7.2914276,112.7991587,keputih,,35,800000,600000,900000,9,8.0,Heri Mulyo Cahyo Local Guide · 289 ulasan · 569 foto       3 tahun lalu Lumayan masih ada kos-kosan harga Rp. 600 ribu/bln Lt 3. Satu kamarnya cukup besar,ulasan Google Maps
Rayyan Kost & Cafe,https://www.google.com/maps/place/Rayyan+Kost+%26+Cafe/data=!4m7!3m6!1s0x2dd7fbd86f24ab97:0x72da9f2d76e5fc24!8m2!3d-7.3221196!4d112.7253925!16s%2Fg%2F11f61g2nd5!19sChIJl6skb9j71y0RJPzldi2f2nI?authuser=0&hl=id&g_ep=EgoyMDI2MDkwOS4wIJJjKgBIAVAD&rclk=1,-7.3221196,112.7253925,ketintang,,40,813302,813302,813302,4,0.33,Tomy Jatmiko Local Guide · 16 ulasan · 8 foto       sebulan lalu Masih ada yg kosong ?  Suka  Bagikan Tanggapan dari pemilik sebulan lalu Lgsg di wa saj,ulasan Google Maps
KOST PUTRA PAK IRWAN KETINTANG BARU,https://www.google.com/maps/place/KOST+PUTRA+PAK+IRWAN+KETINTANG+BARU/data=!4m7!3m6!1s0x2dd7fb70e849d0e9:0x6763e4ca8007e21d!8m2!3d-7.314282!4d112.7292112!16s%2Fg%2F11g6bvm35l!19sChIJ6dBJ6HD71y0RHeIHgMrkY2c?authuser=0&hl=id&g_ep=EgoyMDI2MDkwOS4wIJJjKgBIAVAD&rclk=1,-7.314282,112.7292112,ketintang,,47,500000,500000,500000,3,2.0,"Mamang 1 ulasan       2 tahun lalu Beberapa fasilitas yang tertera tidak sesuai, sering ada ular dan bbrp hewan tidak mengenakkan, pemilik kos kurang bert",ulasan Google Maps
Kost 85 Syari'ah,https://www.google.com/maps/place/Kost+85+Syari%27ah/data=!4m7!3m6!1s0x2dd7fb2d4b79aebd:0x824a98f7a67e5a74!8m2!3d-7.3161508!4d112.7210085!16s%2Fg%2F11rr2wrb0r!19sChIJva55Sy371y0RdFp-pveYSoI?authuser=0&hl=id&g_ep=EgoyMDI2MDkwOS4wIJJjKgBIAVAD&rclk=1,-7.3161508,112.7210085,ketintang,,11,2000000,2000000,2000000,2,1.0,Nadila Zahro A. 2 ulasan       setahun lalu harganya brapa ya klo per bulan  Suka  Bagikan Tanggapan dari pemilik setahun lalu Kos cewek sisa 1 kamar. 2,ulasan Google Maps
"Kos Putri / Mahasiswi ""Bu Yani"" Ketintang",https://www.google.com/maps/place/Kos+Putri+%2F+Mahasiswi+%22Bu+Yani%22+Ketintang/data=!4m7!3m6!1s0x2dd7fbffa245b811:0x17d7c16364cb86a8!8m2!3d-7.3107161!4d112.7300644!16s%2Fg%2F11mnlpk0hl!19sChIJEbhFov_71y0RqIbLZGPB1xc?authuser=0&hl=id&g_ep=EgoyMDI2MDkwOS4wIJJjKgBIAVAD&rclk=1,-7.3107161,112.7300644,ketintang,,9,1000000,1000000,1000000,2,1.0,"Shofya Salmaa Tsabitah 3 ulasan · 1 foto       setahun lalu permisi, apakah ada kamar yg kosong?  Suka  Bagikan Tanggapan dari pemilik setahun lalu Read",ulasan Google Maps
KOST FTI 35,https://www.google.com/maps/place/KOST+FTI+35/data=!4m7!3m6!1s0x2dd7fb002b9cbceb:0xe11b5e06e2fa41ce!8m2!3d-7.3179329!4d112.7273257!16s%2Fg%2F11yd8qv45x!19sChIJ67ycKwD71y0RzkH64gZeG-E?authuser=0&hl=id&g_ep=EgoyMDI2MDkwOS4wIJJjKgBIAVAD&rclk=1,-7.3179329,112.7273257,ketintang,,6,1400000,800000,2000000,4,0.08,"Rizqi Ferdiansyah 6 ulasan       sebulan lalu Kost busuk dari 800k tiba2 naik jadi 2jt cmn gara2 masang cctv sebiji, fasilitas minim, wifi ngelag, kamar m",ulasan Google Maps
Kost Rungkut,https://www.google.com/maps/place/Kost+Rungkut/data=!4m7!3m6!1s0x2dd7fb28fdf40281:0xea16e75cad2f36ca!8m2!3d-7.326932!4d112.7702743!16s%2Fg%2F11g10n9m0h!19sChIJgQL0_Sj71y0RyjYvrVznFuo?authuser=0&hl=id&g_ep=EgoyMDI2MDkwOS4wIJJjKgBIAVAD&rclk=1,-7.326932,112.7702743,rungkut,,63,800000,800000,800000,3,3.0,"Ariq AD 11 ulasan       3 tahun lalu Bapak kost nya ramah banget, harga standar, kisaran 600-800k perbulan. lingkungan aman, ada cctv di parkiran motor. a",ulasan Google Maps
Rumah Kost Nuansa Alam,https://www.google.com/maps/place/Rumah+Kost+Nuansa+Alam/data=!4m7!3m6!1s0x2dd7fbf39467f331:0xa928a765ded9c2ec!8m2!3d-7.3133678!4d112.7833587!16s%2Fg%2F11qrd_h4z9!19sChIJMfNnlPP71y0R7MLZ3mWnKKk?authuser=0&hl=id&g_ep=EgoyMDI2MDkwOS4wIJJjKgBIAVAD&rclk=1,-7.3133678,112.7833587,rungkut,,67,500000,500000,500000,3,1.0,"Moch. Verdyawan 1 ulasan       setahun lalu Memang bernuansa alam, tapi sebagai tempat kos tentunya i 500K/bulan kurang wort it. 1. Kamar yang dibatasi pa",ulasan Google Maps
Cozy Executive Kost,https://www.google.com/maps/place/Cozy+Executive+Kost/data=!4m7!3m6!1s0x2dd7fae67b29f2b3:0xc41a4224dbd7676a!8m2!3d-7.3213372!4d112.7723738!16s%2Fg%2F11hbgj26hm!19sChIJs_Ipe-b61y0RamfX2yRCGsQ?authuser=0&hl=id&g_ep=EgoyMDI2MDkwOS4wIJJjKgBIAVAD&rclk=1,-7.3213372,112.7723738,rungkut,,11,1000000,1000000,1000000,3,1.0,"Afif Bjbr 2 ulasan       setahun lalu kosannya lumayan affordable dpt ac dgn harga yg masi under 1000k. lingkungannya juga enak, peaceful dan safe karena ",ulasan Google Maps
Vosonda Kost,https://www.google.com/maps/place/Vosonda+Kost/data=!4m7!3m6!1s0x2dd7fba7fe6e6cb1:0x9a0252962ff43096!8m2!3d-7.3274521!4d112.8036153!16s%2Fg%2F11h09prz81!19sChIJsWxu_qf71y0RljD0L5ZSApo?authuser=0&hl=id&g_ep=EgoyMDI2MDkwOS4wIJJjKgBIAVAD&rclk=1,-7.3274521,112.8036153,rungkut,,25,700000,700000,700000,3,0.83,PRIYO EFRAT MANURUNG [Sains Data] 6 ulasan       10 bulan lalu Apakah ada kamar 700k/bulan?  Suka  Bagikan,ulasan Google Maps
Kost Nining,https://www.google.com/maps/place/Kost+Nining/data=!4m7!3m6!1s0x2dd7fae12b07b797:0x4b10abd57468d951!8m2!3d-7.3232501!4d112.7686817!16s%2Fg%2F11fxw4ydpw!19sChIJl7cHK-H61y0RUdlodNWrEEs?authuser=0&hl=id&g_ep=EgoyMDI2MDkwOS4wIJJjKgBIAVAD&rclk=1,-7.3232501,112.7686817,rungkut,,12,650000,650000,650000,2,0.08,Dwi Nurfadilah 2 ulasan       sebulan lalu perbulan berapa  Suka  Bagikan Tanggapan dari pemilik sebulan lalu 600 - 650 rb. Tidak termasuk token listrik,ulasan Google Maps
Kost Putri My Zendra,https://www.google.com/maps/place/Kost+Putri+My+Zendra/data=!4m7!3m6!1s0x2dd7fbb231d0ea15:0x608c2e9d183a751d!8m2!3d-7.329906!4d112.7867761!16s%2Fg%2F11fn51xh9p!19sChIJFerQMbL71y0RHXU6GJ0ujGA?authuser=0&hl=id&g_ep=EgoyMDI2MDkwOS4wIJJjKgBIAVAD&rclk=1,-7.329906,112.7867761,rungkut,,15,750000,750000,750000,3,0.92,Marsella Tuarita 6 ulasan · 1 foto       11 bulan lalu Apakah range harganya 750k masuk? Dan apakah masih ada kamar boleh infokan nomor telpon  Suka  Ba,ulasan Google Maps
Dita Exclusive Kost,https://www.google.com/maps/place/Dita+Exclusive+Kost/data=!4m7!3m6!1s0x2dd7fb82b341e55f:0x60f0b0c45d27c5ed!8m2!3d-7.3279499!4d112.7786552!16s%2Fg%2F11gy2gr_9d!19sChIJX-VBs4L71y0R7cUnXcSw8GA?authuser=0&hl=id&g_ep=EgoyMDI2MDkwOS4wIJJjKgBIAVAD&rclk=1,-7.3279499,112.7786552,rungkut,,6,900000,800000,1000000,6,7.0,"Ceza Queenn Local Guide · 1 ulasan · 11 foto       7 tahun lalu Bangunan baru, nyaman huniannya, dekat dengan STIKOM, UPN, Rungkut Industri dan Juanda Air",ulasan Google Maps
Kost Putri UBAYA AN-9,https://www.google.com/maps/place/Kost+Putri+UBAYA+AN-9/data=!4m7!3m6!1s0x2dd7fae30d900a23:0xaee681d8529881c1!8m2!3d-7.3179101!4d112.7671144!16s%2Fg%2F11c2ph2ps0!19sChIJIwqQDeP61y0RwYGYUtiB5q4?authuser=0&hl=id&g_ep=EgoyMDI2MDkwOS4wIJJjKgBIAVAD&rclk=1,-7.3179101,112.7671144,rungkut,,60,200000,200000,200000,3,7.0,"Noprisa Mulajari Sahayani 3 ulasan       7 tahun lalu Kostnya suka, bagus dan keliatan mewah, interior dalam kamarnya memuaskan, tapi sayang mbak2nya beri",ulasan Google Maps
Kost Griya Siswa (Putra),https://www.google.com/maps/place/Kost+Griya+Siswa+%28Putra%29/data=!4m7!3m6!1s0x2dd7fbdc4026b663:0x7a4088d1a365157!8m2!3d-7.2740748!4d112.7953987!16s%2Fg%2F11j8_337r4!19sChIJY7YmQNz71y0RV1E2Go0IpAc?authuser=0&hl=id&g_ep=EgoyMDI2MDkwOS4wIJJjKgBIAVAD&rclk=1,-7.2740748,112.7953987,mulyorejo,,18,562500,525000,600000,6,2.0,Wahadji sasmito Utomo 1 ulasan       2 tahun lalu Murah nyaman 525 ribu per bulan Fasilitas wifi kulkas AC 600 ribu Dapur kamar mandi  Suka  Bagikan,ulasan Google Maps
Warata Kost,https://www.google.com/maps/place/Warata+Kost/data=!4m7!3m6!1s0x2dd7fb6f26c6ed0f:0xcbaf1407d91ebd82!8m2!3d-7.2927516!4d112.7502918!16s%2Fg%2F11fprdpyr4!19sChIJD-3GJm_71y0Rgr0e2QcUr8s?authuser=0&hl=id&g_ep=EgoyMDI2MDkwOS4wIJJjKgBIAVAD&rclk=1,-7.2927516,112.7502918,ngagel,,4,1050000,850000,1250000,4,0.5,Nurfauziah Apriyani 6 ulasan · 5 foto       6 bulan lalu Perbulan berapa kak ?  Suka  Bagikan Tanggapan dari pemilik 6 bulan lalu ada 850.000 - 1.250.00,ulasan Google Maps
Kost di Surabaya Murah & kost murah surabaya,https://www.google.com/maps/place/Kost+di+Surabaya+Murah+%26+kost+murah+surabaya/data=!4m7!3m6!1s0x2dd7fbe309c99adb:0xab1f2840dc3251fe!8m2!3d-7.271226!4d112.72935!16s%2Fg%2F113gwc0tz!19sChIJ25rJCeP71y0R_lEy3EAoH6s?authuser=0&hl=id&g_ep=EgoyMDI2MDkwOS4wIJJjKgBIAVAD&rclk=1,-7.271226,112.72935,tegalsari,,80,450000,450000,450000,3,3.0,sultan maharani ramadani Local Guide · 46 ulasan · 33 foto       3 tahun lalu Ini tepatnya komplek kos²an krn hampir tiap rumah ada tempat kos nya Saya ke,ulasan Google Maps
Kos Pria Kedung Turi 2/19,https://www.google.com/maps/place/Kos+Pria+Kedung+Turi+2%2F19/data=!4m7!3m6!1s0x2dd7f91246a630f3:0xfdebbf2b18e9e2ba!8m2!3d-7.2610967!4d112.7342541!16s%2Fg%2F11h5ryj717!19sChIJ8zCmRhL51y0RuuLpGCu_6_0?authuser=0&hl=id&g_ep=EgoyMDI2MDkwOS4wIJJjKgBIAVAD&rclk=1,-7.2610967,112.7342541,tegalsari,,3,791088,770000,812176,4,1.0,Ahmad. hafis 4 ulasan       setahun lalu Info harga perbulannya  Suka  Bagikan Tanggapan dari pemilik setahun lalu Utk saat ini 770rb. Wa utk memastikan,ulasan Google Maps
Kost putra 500K,https://www.google.com/maps/place/Kost+putra+500K/data=!4m7!3m6!1s0x2dd7fb835400c153:0xc0ff89c86b76c029!8m2!3d-7.2734048!4d112.7390043!16s%2Fg%2F11vzp4gz46!19sChIJU8EAVIP71y0RKcB2a8iJ_8A?authuser=0&hl=id&g_ep=EgoyMDI2MDkwOS4wIJJjKgBIAVAD&rclk=1,-7.2734048,112.7390043,tegalsari,,3,500000,500000,500000,3,2.0,Fauzii Khomaruddin 3 ulasan · 5 foto       2 tahun lalu Kost nya nyaman dengan harga murah 500 K di pusat kota.. +2  1  Bagikan,ulasan Google Maps
KOST PUTRA SUNAR,https://www.google.com/maps/place/KOST+PUTRA+SUNAR/data=!4m7!3m6!1s0x2dd7fb8f19e86d13:0xc7111314f4ccde24!8m2!3d-7.2781078!4d112.734757!16s%2Fg%2F11ty4ddw_2!19sChIJE23oGY_71y0RJN7M9BQTEcc?authuser=0&hl=id&g_ep=EgoyMDI2MDkwOS4wIJJjKgBIAVAD&rclk=1,-7.2781078,112.734757,tegalsari,,1,450000,450000,450000,3,1.0,"Richzvl 5 ulasan       setahun lalu kos murah 450.000 fasilitas air, listrik, lemari, kasur, meja dan lemari  Suka  Bagikan",ulasan Google Maps
@Kos_Surabaya,https://www.google.com/maps/place/%27@Kos_Surabaya%27/data=!4m7!3m6!1s0x2dd7fb5ed71b8f5b:0xc426f0c2a02bd900!8m2!3d-7.3332347!4d112.718461!16s%2Fg%2F11cs0xn983!19sChIJW48b11771y0RANkroMLwJsQ?authuser=0&hl=id&g_ep=EgoyMDI2MDkwOS4wIJJjKgBIAVAD&rclk=1,-7.3332347,112.718461,jambangan,,12,2600000,2600000,2600000,3,6.0,Kamboja Bali Local Guide · 150 ulasan · 61 foto       Diedit 6 tahun lalu 2.6 juta per bulan. Khusus laki2.  Suka  Bagikan,ulasan Google Maps
ELVEKA EKSEKUTIF KOST,https://www.google.com/maps/place/ELVEKA+EKSEKUTIF+KOST/data=!4m7!3m6!1s0x2dd7fb3d6627689b:0x6227895f54e9721a!8m2!3d-7.322812!4d112.7171356!16s%2Fg%2F11xtykt75z!19sChIJm2gnZj371y0RGnLpVF-JJ2I?authuser=0&hl=id&g_ep=EgoyMDI2MDkwOS4wIJJjKgBIAVAD&rclk=1,-7.322812,112.7171356,jambangan,,10,2000000,2000000,2000000,2,0.67,Sharfina Salsabilla 3 ulasan       8 bulan lalu Harga kos nya berapa ya?  Suka  Bagikan Tanggapan dari pemilik 8 bulan lalu Harga normal 2 jt/bln Bayar ,ulasan Google Maps
Kos pak irfan,https://www.google.com/maps/place/Kos+pak+irfan/data=!4m7!3m6!1s0x2dd7fd0049d2eccf:0x165b1acda76ee9ab!8m2!3d-7.3136996!4d112.71169!16s%2Fg%2F11zb_npjmp!19sChIJz-zSSQD91y0Rq-lup80aWxY?authuser=0&hl=id&g_ep=EgoyMDI2MDkwOS4wIJJjKgBIAVAD&rclk=1,-7.3136996,112.71169,jambangan,,1,850000,850000,850000,3,0.25,"Nawal Aqilah 3 ulasan · 4 foto       3 bulan lalu Kost yang nyaman dengan harga mulai 850k an. Fasilitas nya ada kamar mandi dalam, dapur, kamar tidur, ga",ulasan Google Maps
KOSAN BU Hj NUR,https://www.google.com/maps/place/KOSAN+BU+Hj+NUR/data=!4m7!3m6!1s0x2dd7fbead7f65a4d:0x85bf23cc6710dec0!8m2!3d-7.3096831!4d112.7176111!16s%2Fg%2F11pkqyzzqq!19sChIJTVr21-r71y0RwN4QZ8wjv4U?authuser=0&hl=id&g_ep=EgoyMDI2MDkwOS4wIJJjKgBIAVAD&rclk=1,-7.3096831,112.7176111,jambangan,,5,800000,600000,1000000,6,3.0,Rradie Trie Local Guide · 77 ulasan · 113 foto       3 tahun lalu Suasana nya enak luas parkir anya sebulan nya dr 600rb amp3 1juta perbulan  2  Bagikan,ulasan Google Maps
KOS-Pranata / Homestay,https://www.google.com/maps/place/KOS-Pranata+%2F+Homestay/data=!4m7!3m6!1s0x2dd7f9286beeb4fb:0xcb1e42f4ddfaf87c!8m2!3d-7.2638032!4d112.7173132!16s%2Fg%2F11qnq0csz6!19sChIJ-7Tuayj51y0RfPj63fRCHss?authuser=0&hl=id&g_ep=EgoyMDI2MDkwOS4wIJJjKgBIAVAD&rclk=1,-7.2638032,112.7173132,sawahan,,48,1500000,1500000,1500000,3,1.0,"didik Pangestu 1 ulasan       setahun lalu Kostan mengalahkam apartement, listrik ga masuk akal sebulan bisa 1,5 jt kaya ngidupin listrik satu rumah, meng",ulasan Google Maps
Kost Griya Karunia,https://www.google.com/maps/place/Kost+Griya+Karunia/data=!4m7!3m6!1s0x2dd7ffba7e7247b9:0x993f71c96112a68e!8m2!3d-7.2620815!4d112.7149271!16s%2Fg%2F11pw3_n78t!19sChIJuUdyfrr_1y0RjqYSYclxP5k?authuser=0&hl=id&g_ep=EgoyMDI2MDkwOS4wIJJjKgBIAVAD&rclk=1,-7.2620815,112.7149271,sawahan,,3,1000000,1000000,1000000,3,2.0,mhanafiakh Local Guide · 596 ulasan · 858 foto       2 tahun lalu Kos cowok harga 1jt-an/bln di Surabaya dengan fasilitas lengkap! (+) … Lainnya  1  Bag,ulasan Google Maps
Kost RA Kartini,https://www.google.com/maps/place/Kost+RA+Kartini/data=!4m7!3m6!1s0x2dd7fda23dc5653b:0xf36a18fb284ee2ca!8m2!3d-7.3035478!4d112.6669253!16s%2Fg%2F11h_15b047!19sChIJO2XFPaL91y0RyuJOKPsYavM?authuser=0&hl=id&g_ep=EgoyMDI2MDkwOS4wIJJjKgBIAVAD&rclk=1,-7.3035478,112.6669253,lakarsantri,,31,900000,900000,900000,3,0.92,"Ella Walker 3 ulasan       11 bulan lalu harganya mahal bgt menurutku kalau diisi cuma 1 orang aja, udah gitu cuma ada lemari sama kasur aja, 900k nambah ",ulasan Google Maps
Kos Putri Graha 2,https://www.google.com/maps/place/Kos+Putri+Graha+2/data=!4m7!3m6!1s0x2dd7fd81688a02a3:0x333051ddcb3cd43b!8m2!3d-7.3048854!4d112.6709191!16s%2Fg%2F11h91j_b7l!19sChIJowKKaIH91y0RO9Q8y91RMDM?authuser=0&hl=id&g_ep=EgoyMDI2MDkwOS4wIJJjKgBIAVAD&rclk=1,-7.3048854,112.6709191,lakarsantri,,11,775000,600000,950000,6,1.62,"Inggita harjo Local Guide · 8 ulasan · 1 foto       3 bulan lalu 2014 menemukan kos ini, bangunan masih baru jadi. Dulu kalau sekamar sendiri harga di 600",ulasan Google Maps
Rumah Kost U_Stay,https://www.google.com/maps/place/Rumah+Kost+U_Stay/data=!4m7!3m6!1s0x2dd7ff6071ff15d9:0x75546c308100a02b!8m2!3d-7.2469526!4d112.6444929!16s%2Fg%2F11p139pryr!19sChIJ2RX_cWD_1y0RK6AAgTBsVHU?authuser=0&hl=id&g_ep=EgoyMDI2MDkwOS4wIJJjKgBIAVAD&rclk=1,-7.2469526,112.6444929,benowo,,19,650000,650000,650000,2,0.67,redmi 2 ulasan       8 bulan lalu bulanan nya berapa buat 2 orang kak  Suka  Bagikan Tanggapan dari pemilik 7 bulan lalu 650 RB / Bulan kak,ulasan Google Maps
KOST PUTRI SURABAYA BARAT,https://www.google.com/maps/place/KOST+PUTRI+SURABAYA+BARAT/data=!4m7!3m6!1s0x2e7800846377ccef:0xb664b2ac8ac04674!8m2!3d-7.2407264!4d112.6130691!16s%2Fg%2F11dxb066w4!19sChIJ78x3Y4QAeC4RdEbAiqyyZLY?authuser=0&hl=id&g_ep=EgoyMDI2MDkwOS4wIJJjKgBIAVAD&rclk=1,-7.2407264,112.6130691,benowo,,36,350000,300000,400000,4,8.0,Ananda Ayu Putri Novitasari Local Guide · 22 ulasan · 11 foto       8 tahun lalu Mau tanya perbulan harga kostnya berapa?? Itu sudah air dan listrik atau ,ulasan Google Maps
Rumah Kos Rahmah Abadi,https://www.google.com/maps/place/Rumah+Kos+Rahmah+Abadi/data=!4m7!3m6!1s0x2dd7ff771823dd29:0xd41f42ae7c375bca!8m2!3d-7.2412236!4d112.638864!16s%2Fg%2F11rzwl2yr7!19sChIJKd0jGHf_1y0Ryls3fK5CH9Q?authuser=0&hl=id&g_ep=EgoyMDI2MDkwOS4wIJJjKgBIAVAD&rclk=1,-7.2412236,112.638864,benowo,,9,550000,550000,550000,3,4.0,"elok. azifatul Local Guide · 14 ulasan · 9 foto       4 tahun lalu Pemilik kosnya super ramah baik pol, kosnya baru bersih dan nyaman. 550 rb include kasu",ulasan Google Maps
Kos Mas Lutfi,https://www.google.com/maps/place/Kos+Mas+Lutfi/data=!4m7!3m6!1s0x2dd7fe30f73e93cf:0x4bf676c1d4ad7c7b!8m2!3d-7.2406817!4d112.6350567!16s%2Fg%2F11dxpdhp6y!19sChIJz5M-9zD-1y0Re3yt1MF29ks?authuser=0&hl=id&g_ep=EgoyMDI2MDkwOS4wIJJjKgBIAVAD&rclk=1,-7.2406817,112.6350567,benowo,,5,350000,350000,350000,3,5.0,M Iqbal Local Guide · 39 ulasan · 18 foto       5 tahun lalu kost nya nyaman dan kamar mandi didalam.. harga nya terjangkau mulai 250-350rb an perbulan.. ,ulasan Google Maps
Kost Mifakhrida,https://www.google.com/maps/place/Kost+Mifakhrida/data=!4m7!3m6!1s0x2e780144f60c050d:0xce6770cfb59150a5!8m2!3d-7.2332107!4d112.6064574!16s%2Fg%2F11ks1f89np!19sChIJDQUM9kQBeC4RpVCRtc9wZ84?authuser=0&hl=id&g_ep=EgoyMDI2MDkwOS4wIJJjKgBIAVAD&rclk=1,-7.2332107,112.6064574,benowo,,9,500000,500000,500000,3,3.0,"Subagio Prijatamvan Local Guide · 27 ulasan · 29 foto       3 tahun lalu Harga kos per bulan tergantung pilihan kamar. Kamar kosongan, Rp. 500.000. Kamar ",ulasan Google Maps
Kos-kontrakan HJ ELIS,https://www.google.com/maps/place/Kos-kontrakan+HJ+ELIS/data=!4m7!3m6!1s0x2e78010018d831cb:0x9bd044bb9c7b15c6!8m2!3d-7.2388541!4d112.6084469!16s%2Fg%2F11llpb3_l8!19sChIJyzHYGAABeC4RxhV7nLtE0Js?authuser=0&hl=id&g_ep=EgoyMDI2MDkwOS4wIJJjKgBIAVAD&rclk=1,-7.2388541,112.6084469,benowo,,3,300000,300000,300000,3,5.0,"Bang iman Local Guide · 48 ulasan · 249 foto       5 tahun lalu ini cerita saya waktu itu,,saya nerusin kos.an punya temen,, otomatis saya bayar ke temen ",ulasan Google Maps
Kost Griya Cipta Surabaya,https://www.google.com/maps/place/Kost+Griya+Cipta+Surabaya/data=!4m7!3m6!1s0x2dd7fb50e852e8f7:0xde89973361ec0b08!8m2!3d-7.3401284!4d112.722695!16s%2Fg%2F11bw3d66yk!19sChIJ9-hS6FD71y0RCAvsYTOXid4?authuser=0&hl=id&g_ep=EgoyMDI2MDkwOS4wIJJjKgBIAVAD&rclk=1,-7.3401284,112.722695,gayungan,,139,830939,811879,850000,4,0.08,"Antonia Risnawati 3 ulasan       sebulan lalu Permisi kak mau tanya, apakah masih ada kamar kosong untuk putri? Dan harganya berapa perbulan kak?🙏 …  Suk",ulasan Google Maps
Kos Petra F7,https://www.google.com/maps/place/Kos+Petra+F7/data=!4m7!3m6!1s0x2dd7fbb19909045f:0xed0d822157a7a7f3!8m2!3d-7.3419793!4d112.7361595!16s%2Fg%2F11f5tbm6hm!19sChIJXwQJmbH71y0R86enVyGCDe0?authuser=0&hl=id&g_ep=EgoyMDI2MDkwOS4wIJJjKgBIAVAD&rclk=1,-7.3419793,112.7361595,gayungan,,14,800000,800000,800000,3,6.0,"alien monster Local Guide · 67 ulasan · 41 foto       6 tahun lalu Kosan ga rekomen. Per bulan 800rb belum sama listrik, itu kamar mandi luar. Kalau cuman",ulasan Google Maps
Kost Wisma X,https://www.google.com/maps/place/Kost+Wisma+X/data=!4m7!3m6!1s0x2dd7fa15ad5ff035:0x4ffba3cfb0572817!8m2!3d-7.2814307!4d112.7896072!16s%2Fg%2F11c564g33w!19sChIJNfBfrRX61y0RFyhXsM-j-08?authuser=0&hl=id&g_ep=EgoyMDI2MDkwOS4wIJJjKgBIAVAD&rclk=1,-7.2814307,112.7896072,sukolilo,,62,1300000,1300000,1300000,3,1.0,"Maula Triana 3 ulasan · 1 foto       setahun lalu hati-hati penipuan. kantor saya posisi di jakarta, tapi sedang ada proyek di surabaya sudah ditipu senil",ulasan Google Maps
Kost 80A,https://www.google.com/maps/place/Kost+80A/data=!4m7!3m6!1s0x2dd7fa5a692aae89:0x632fead6e68c5045!8m2!3d-7.2986706!4d112.7759192!16s%2Fg%2F11gcjjvtmd!19sChIJia4qaVr61y0RRVCM5tbqL2M?authuser=0&hl=id&g_ep=EgoyMDI2MDkwOS4wIJJjKgBIAVAD&rclk=1,-7.2986706,112.7759192,sukolilo,,6,400000,400000,400000,3,5.0,"Khoirul Basyar Local Guide · 126 ulasan · 132 foto       5 tahun lalu Banyak anak kampus yg kos, tersedia 2 kamar mandi luar, tempat cuci/bersih2, ada ibu",ulasan Google Maps
KOS F20,https://www.google.com/maps/place/KOS+F20/data=!4m7!3m6!1s0x2dd7fbfe4ef1e987:0x5d6da2c5085f4dc2!8m2!3d-7.2960802!4d112.7774128!16s%2Fg%2F11r_dqths0!19sChIJh-nxTv771y0Rwk1fCMWibV0?authuser=0&hl=id&g_ep=EgoyMDI2MDkwOS4wIJJjKgBIAVAD&rclk=1,-7.2960802,112.7774128,sukolilo,,43,600000,600000,600000,3,0.02,"Azman Local Guide · 4 ulasan · 3 foto       seminggu lalu BARU Kosnya nyaman, bersih, harga standart untuk kamar mandi luar 1jt100k kamar mandi dalam 1jt6",ulasan Google Maps
Kost Wanita,https://www.google.com/maps/place/Kost+Wanita/data=!4m7!3m6!1s0x2dd7fb69b60597b5:0x1b82f6144070cd61!8m2!3d-7.3035458!4d112.7784444!16s%2Fg%2F11gl0zf3vg!19sChIJtZcFtmn71y0RYc1wQBT2ghs?authuser=0&hl=id&g_ep=EgoyMDI2MDkwOS4wIJJjKgBIAVAD&rclk=1,-7.3035458,112.7784444,sukolilo,,16,800000,800000,800000,3,0.42,"Kai Nao 5 ulasan · 3 foto       5 bulan lalu kost nya bagus, 800k sudah bisa dapat kamar mandi dalam, pengeluaran per bulan lebih hemat, owner nya juga bi",ulasan Google Maps
Kos-kosan Oranye,https://www.google.com/maps/place/Kos-kosan+Oranye/data=!4m7!3m6!1s0x2dd7fa5a534ffd11:0x72732c7567ad19ef!8m2!3d-7.2982194!4d112.7776643!16s%2Fg%2F11f2wbrs9p!19sChIJEf1PU1r61y0R7xmtZ3Usc3I?authuser=0&hl=id&g_ep=EgoyMDI2MDkwOS4wIJJjKgBIAVAD&rclk=1,-7.2982194,112.7776643,sukolilo,,9,700000,600000,800000,6,8.0,imam nakhrowi Local Guide · 28 ulasan · 83 foto       8 tahun lalu Kos dengan harga per bulannya 600rb untuk 1 orang dan 800rb untuk 2 orang. Ukuran kamar,ulasan Google Maps
Rumah Kost Puteri,https://www.google.com/maps/place/Rumah+Kost+Puteri/data=!4m7!3m6!1s0x2dd7fb9369006109:0xeb1a6e4a842d1772!8m2!3d-7.3021308!4d112.7657291!16s%2Fg%2F11thvfk227!19sChIJCWEAaZP71y0RchcthEpuGus?authuser=0&hl=id&g_ep=EgoyMDI2MDkwOS4wIJJjKgBIAVAD&rclk=1,-7.3021308,112.7657291,sukolilo,,3,575000,575000,575000,3,1.0,"Rina Sri Redjeki 4 ulasan · 19 foto       setahun lalu Rumah Kost Putri yg Bersih,Murah, Nyaman & Aman fasilitas lengkap Utk kamar atas hanya 575K guyz … ",ulasan Google Maps
SB14 KOST WANITA,https://www.google.com/maps/place/SB14+KOST+WANITA/data=!4m7!3m6!1s0x2dd7fbaa8e4f6605:0x4fafd72058564429!8m2!3d-7.3082801!4d112.7781706!16s%2Fg%2F11vwj_v8k3!19sChIJBWZPjqr71y0RKURWWCDXr08?authuser=0&hl=id&g_ep=EgoyMDI2MDkwOS4wIJJjKgBIAVAD&rclk=1,-7.3082801,112.7781706,sukolilo,,13,500000,500000,500000,3,0.33,"Salsa bila 1 ulasan       4 bulan lalu Kost dengan harga dibawah 500rb dengan fasilitas lengkap (kasur, wifi, kipas, lemari, air, listrik) ada tempat cuci",ulasan Google Maps
Kost Bu Gatot,https://www.google.com/maps/place/Kost+Bu+Gatot/data=!4m7!3m6!1s0x2dd7faf436ed6dc5:0xbe9c6343e4efa0!8m2!3d-7.3080301!4d112.7820013!16s%2Fg%2F11cjhsw6qv!19sChIJxW3tNvT61y0RoO_kQ2OcvgA?authuser=0&hl=id&g_ep=EgoyMDI2MDkwOS4wIJJjKgBIAVAD&rclk=1,-7.3080301,112.7820013,sukolilo,,19,700000,700000,700000,3,6.0,Abil K. Local Guide · 226 ulasan · 294 foto       6 tahun lalu kos dekat lampu merah jembatan merr. harga kos 2020 bervariasi tergantung besar kamar. harg,ulasan Google Maps
Kost ploso timur 7 no 71 - 73,https://www.google.com/maps/place/Kost+ploso+timur+7+no+71+-+73/data=!4m7!3m6!1s0x2dd7f98fe1830deb:0xa8d3b16a1923c1c8!8m2!3d-7.255245!4d112.775955!16s%2Fg%2F11fzlmtc6f!19sChIJ6w2D4Y_51y0RyMEjGWqx06g?authuser=0&hl=id&g_ep=EgoyMDI2MDkwOS4wIJJjKgBIAVAD&rclk=1,-7.255245,112.775955,tambaksari,,93,1600000,1600000,1600000,3,8.0,"Thomas P Local Guide · 127 ulasan · 136 foto       8 tahun lalu Cukup terjangkau dan nyaman, kamarnya beberapa cukup luas dan di bawah 1.6 juta perbulan. ",ulasan Google Maps
Griya Lestari Kos,https://www.google.com/maps/place/Griya+Lestari+Kos/data=!4m10!3m9!1s0x2dd7f94ca53711d3:0x95e7691cbbe20fd9!5m2!4m1!1i2!8m2!3d-7.2510738!4d112.7741741!16s%2Fg%2F11j8hktb03!19sChIJ0xE3pUz51y0R2Q_iuxxp55U?authuser=0&hl=id&g_ep=EgoyMDI2MDkwOS4wIJJjKgBIAVAD&rclk=1,-7.2510738,112.7741741,tambaksari,,49,2000000,2000000,2000000,3,0.75,"Natha go 3 ulasan  1/5 9 bulan lalu di Google Untuk kamar seharga 2 juta Kamamr tidak nyaman, kasur tipis Menang lokasi aja … Lainnya  Suka  Bagikan Tanggapa",ulasan Google Maps
Kost Bersih,https://www.google.com/maps/place/Kost+Bersih/data=!4m7!3m6!1s0x2dd7f99fe500b63d:0x918242e8ae50b28c!8m2!3d-7.2464011!4d112.7634926!16s%2Fg%2F11f_kntv33!19sChIJPbYA5Z_51y0RjLJQruhCgpE?authuser=0&hl=id&g_ep=EgoyMDI2MDkwOS4wIJJjKgBIAVAD&rclk=1,-7.2464011,112.7634926,tambaksari,,5,851812,851812,851812,2,6.0,Yusuf Tirta 1 ulasan       6 tahun lalu Berp perbulanx kak  Suka  Bagikan Tanggapan dari pemilik sebulan lalu WA 085181278945 Diterjemahkan oleh Google ,ulasan Google Maps
House Of Amanah,https://www.google.com/maps/place/House+Of+Amanah/data=!4m7!3m6!1s0x2dd7f9769ac45da3:0xb5d3923a80adb58f!8m2!3d-7.2287398!4d112.7416017!16s%2Fg%2F11f775f0r8!19sChIJo13Emnb51y0Rj7WtgDqS07U?authuser=0&hl=id&g_ep=EgoyMDI2MDkwOS4wIJJjKgBIAVAD&rclk=1,-7.2287398,112.7416017,semampir,,259,300000,300000,300000,3,0.67,Santi Permata sari Local Guide · 10 ulasan · 6 foto       8 bulan lalu Saya pilih kamar kingsize karena hanya ini yg kasurnya gede dan ada air panasnya dg,ulasan Google Maps
Kos Pesona Bu Rohimah,https://www.google.com/maps/place/Kos+Pesona+Bu+Rohimah/data=!4m7!3m6!1s0x2dd7f9a2deeed587:0x2967d22c6af991ae!8m2!3d-7.2284125!4d112.7431204!16s%2Fg%2F11h2jz9bp2!19sChIJh9Xu3qL51y0RrpH5aizSZyk?authuser=0&hl=id&g_ep=EgoyMDI2MDkwOS4wIJJjKgBIAVAD&rclk=1,-7.2284125,112.7431204,semampir,,31,600000,400000,800000,6,7.0,"adhi subejo Local Guide · 148 ulasan · 298 foto       7 tahun lalu Tempat kost yg nyaman daerah sini ya temlat kost bu rohimah.ada 3 lantai,adaa sekitar 1",ulasan Google Maps
Kost Harian Murah,https://www.google.com/maps/place/Kost+Harian+Murah/data=!4m7!3m6!1s0x2dd7f94702255459:0xff29d9a055d174b9!8m2!3d-7.2496862!4d112.7310132!16s%2Fg%2F11hcvgvmt2!19sChIJWVQlAkf51y0RuXTRVaDZKf8?authuser=0&hl=id&g_ep=EgoyMDI2MDkwOS4wIJJjKgBIAVAD&rclk=1,-7.2496862,112.7310132,semampir,,62,250000,250000,250000,3,4.0,"ini asfbey 1 ulasan       4 tahun lalu Ngga rekomen si, untuk harga 250k dengan fasilitas sprei yg kotor, lantai kotor, no wifi, tv no signal ac ngga ding",ulasan Google Maps
Nalatra Kost,https://www.google.com/maps/place/Nalatra+Kost/data=!4m7!3m6!1s0x2dd7f90761e259d9:0x66802aec231fdf87!8m2!3d-7.2519556!4d112.7196468!16s%2Fg%2F11v15tmwwj!19sChIJ2VniYQf51y0Rh98fI-wqgGY?authuser=0&hl=id&g_ep=EgoyMDI2MDkwOS4wIJJjKgBIAVAD&rclk=1,-7.2519556,112.7196468,bubutan,,7,727284,595462,859106,4,0.5,"Yogi Mkb 5 ulasan       6 bulan lalu Maaf kak mau tanya, kalau mau kost di sini apakah wajib melakukan DP 50% terlebih dahulu ya sebelum survey kamarnya? ",ulasan Google Maps
FAZIRAA kost ( kost putri muslim ),https://www.google.com/maps/place/FAZIRAA+kost+%28+kost+putri+muslim+%29/data=!4m7!3m6!1s0x2dd7f96de0ba1cff:0x554e74b2a67237c0!8m2!3d-7.2513388!4d112.7495675!16s%2Fg%2F11f_z_71v3!19sChIJ_xy64G351y0RwDdyprJ0TlU?authuser=0&hl=id&g_ep=EgoyMDI2MDkwOS4wIJJjKgBIAVAD&rclk=1,-7.2513388,112.7495675,bubutan,,38,650000,650000,650000,3,0.67,"Lia Baro'atul Khusnia Local Guide · 99 ulasan · 120 foto       8 bulan lalu Review jujur Kos ini... Umum: 1. Harga Murah, 650k tapi ukuran kamar sekitar 1",ulasan Google Maps
Kos Kosan Bu Wulan Stasiun Turi,https://www.google.com/maps/place/Kos+Kosan+Bu+Wulan+Stasiun+Turi/data=!4m7!3m6!1s0x2dd7f90042bdfa45:0x8985a1db7752b9e9!8m2!3d-7.2481257!4d112.7321629!16s%2Fg%2F11lf10m5dg!19sChIJRfq9QgD51y0R6blSd9uhhYk?authuser=0&hl=id&g_ep=EgoyMDI2MDkwOS4wIJJjKgBIAVAD&rclk=1,-7.2481257,112.7321629,bubutan,,2,1000000,1000000,1000000,2,0.58,ROYHAN ROYHAN EFENDI 1 ulasan       7 bulan lalu Berpa perbulan kak  Suka  Bagikan Tanggapan dari pemilik 5 bulan lalu Mulai harga 1 jt,ulasan Google Maps
Kos Qo Campur Mingguan/Bulanan - Genteng,https://www.google.com/maps/place/Kos+Qo+Campur+Mingguan%2FBulanan+-+Genteng/data=!4m7!3m6!1s0x2dd7f97da243c7d7:0x9644816b14727023!8m2!3d-7.2601401!4d112.7415341!16s%2Fg%2F11lcj08525!19sChIJ18dDon351y0RI3ByFGuBRJY?authuser=0&hl=id&g_ep=EgoyMDI2MDkwOS4wIJJjKgBIAVAD&rclk=1,-7.2601401,112.7415341,bubutan,,9,550000,550000,550000,6,1.0,algha rizqi 3 ulasan       setahun lalu hati-hati yg mau menginap disini karena disini penipuan. kemarin aku udah TF ke adminnya 350k lalu disuruh TF lagi,ulasan Google Maps
Kos Kosan Umik Yul,https://www.google.com/maps/place/Kos+Kosan+Umik+Yul/data=!4m7!3m6!1s0x2dd7f90f409285d7:0x9cd11dfc313c0546!8m2!3d-7.2379872!4d112.7530503!16s%2Fg%2F11l1yfl8q9!19sChIJ14WSQA_51y0RRgU8Mfwd0Zw?authuser=0&hl=id&g_ep=EgoyMDI2MDkwOS4wIJJjKgBIAVAD&rclk=1,-7.2379872,112.7530503,simokerto,,7,3402632,519458,6285806,4,0.5,Rositaagustina Putri 1 ulasan       6 bulan lalu ada nomor yang bisa dihubungi ga?  Suka  Bagikan Tanggapan dari pemilik 6 bulan lalu wa.me/628580651945,ulasan Google Maps
Kos Kebalen 3 daerah Perak Surabaya,https://www.google.com/maps/place/Kos+Kebalen+3+daerah+Perak+Surabaya/data=!4m7!3m6!1s0x2dd7f932ec4c7307:0xfc4b864226ee5856!8m2!3d-7.2261766!4d112.7352734!16s%2Fg%2F11s4bmxbmc!19sChIJB3NM7DL51y0RVljuJkKGS_w?authuser=0&hl=id&g_ep=EgoyMDI2MDkwOS4wIJJjKgBIAVAD&rclk=1,-7.2261766,112.7352734,krembangan,,5,811334,811334,811334,2,0.58,ameylia indah widuri 2 ulasan       Diedit 7 bulan lalu Apakah ada yg pernah ditipu dengan kos ini?  Suka  Bagikan Tanggapan dari pemilik 4 bulan lalu N,ulasan Google Maps
Rumah kost silitonga idb'44,https://www.google.com/maps/place/Rumah+kost+silitonga+idb%2744/data=!4m7!3m6!1s0x2dd7f9c3e7a12aad:0xa2833a0dcfa2116b!8m2!3d-7.2279562!4d112.7282801!16s%2Fg%2F11yndjhjfz!19sChIJrSqh58P51y0RaxGizw06g6I?authuser=0&hl=id&g_ep=EgoyMDI2MDkwOS4wIJJjKgBIAVAD&rclk=1,-7.2279562,112.7282801,krembangan,,1,855770,855770,855770,2,0.67,Iz Luck       8 bulan lalu Tanggapan dari pemilik 7 bulan lalu Info kost silitonga hanya wa 08557701236 diluar nomer itu bukan saya dan saya tidak meminta,ulasan Google Maps
"Kost pria ,, rumah kost ,, kos kosan ,, Kost daerah perak.. FREE WIFI","https://www.google.com/maps/place/Kost+pria+,,+rumah+kost+,,+kos+kosan+,,+Kost+daerah+perak..+FREE+WIFI/data=!4m7!3m6!1s0x2dd7f9f07158da93:0xf79cbdfd4d4f1b6a!8m2!3d-7.2259792!4d112.7282529!16s%2Fg%2F11qbrw3dgw!19sChIJk9pYcfD51y0RahtPTf29nPc?authuser=0&hl=id&g_ep=EgoyMDI2MDkwOS4wIJJjKgBIAVAD&rclk=1",-7.2259792,112.7282529,krembangan,,4,650000,650000,650000,2,0.17,Laslov3 Love Local Guide · 51 ulasan · 56 foto       2 bulan lalu blan berpa ya?  Suka  Bagikan Tanggapan dari pemilik 2 bulan lalu 650k/bulan kak Silah,ulasan Google Maps
kos Pria 'Pak Bambang',https://www.google.com/maps/place/kos+Pria+%27Pak+Bambang%27/data=!4m7!3m6!1s0x2dd7f8c483f853f3:0xfb9345fed442127!8m2!3d-7.2157465!4d112.7325485!16s%2Fg%2F11bxc5x4ng!19sChIJ81P4g8T41y0RJyFE7V80uQ8?authuser=0&hl=id&g_ep=EgoyMDI2MDkwOS4wIJJjKgBIAVAD&rclk=1,-7.2157465,112.7325485,pabean,,20,500000,500000,500000,3,7.0,Agus Abdullah Mukti Local Guide · 110 ulasan · 28 foto       7 tahun lalu Lumayan...500K perbulan....cuma air agak sedikit kurang jernih....  Suka  Bagi,ulasan Google Maps
KOST MARS,https://www.google.com/maps/place/KOST+MARS/data=!4m7!3m6!1s0x2dd7ff7c097a7add:0x41c479b71ab33800!8m2!3d-7.2641617!4d112.6778367!16s%2Fg%2F11fp3vy7ky!19sChIJ3Xp6CXz_1y0RADizGrd5xEE?authuser=0&hl=id&g_ep=EgoyMDI2MDkwOS4wIJJjKgBIAVAD&rclk=1,-7.2641617,112.6778367,tandes,,24,500000,500000,500000,3,0.75,Syaifulrizalmahendraputra _87 (K_cong chomell) 2 ulasan       9 bulan lalu Harga pasti diatas 500 ribu iya?? 🙏 …  Suka  Bagikan,ulasan Google Maps
Kost King,https://www.google.com/maps/place/Kost+King/data=!4m7!3m6!1s0x2dd7ff1af0d94c47:0xfbe793260a257cd4!8m2!3d-7.260548!4d112.6625222!16s%2Fg%2F11rjw85bq4!19sChIJR0zZ8Br_1y0R1HwlCiaT5_s?authuser=0&hl=id&g_ep=EgoyMDI2MDkwOS4wIJJjKgBIAVAD&rclk=1,-7.260548,112.6625222,tandes,,7,1350000,1350000,1350000,3,2.0,"Mas Bejo99 Bejork Local Guide · 1.842 ulasan · 3.992 foto       2 tahun lalu Bagus, sebulan 1.350.000 Fasilitas kamar mandi dalam closet duduk, kursi, lem",ulasan Google Maps
Kost Yoi,https://www.google.com/maps/place/Kost+Yoi/data=!4m7!3m6!1s0x2dd7fe7e570fdf3b:0xdaba0038a97a1d33!8m2!3d-7.267971!4d112.664792!16s%2Fg%2F11g8fmqmr2!19sChIJO98PV37-1y0RMx16qTgAuto?authuser=0&hl=id&g_ep=EgoyMDI2MDkwOS4wIJJjKgBIAVAD&rclk=1,-7.267971,112.664792,tandes,,49,400000,400000,400000,3,9.0,"ady nashrul Local Guide · 19 ulasan · 5 foto       9 tahun lalu kos nya kurang bersih, untuk kost seharga 400rb harusnya bisa lebih baik  1  Bagikan",ulasan Google Maps
Kos Tri Jaya,https://www.google.com/maps/place/Kos+Tri+Jaya/data=!4m7!3m6!1s0x2dd7ff4a86f07bdd:0x78acafd3d19ff2a5!8m2!3d-7.2658654!4d112.6806184!16s%2Fg%2F11hzkly3bd!19sChIJ3Xvwhkr_1y0RpfKf0dOvrHg?authuser=0&hl=id&g_ep=EgoyMDI2MDkwOS4wIJJjKgBIAVAD&rclk=1,-7.2658654,112.6806184,tandes,,14,475000,475000,475000,3,6.0,Akimi 1 ulasan       6 tahun lalu Tarifnya per bulan. Kamar tanpa kamar mandi dalam Rp 475rb (1 orang) atau Rp 600rb (2 orang)  4  Bagikan,ulasan Google Maps
Kos Khusus Putri / Wanita Bu Manan,https://www.google.com/maps/place/Kos+Khusus+Putri+%2F+Wanita+Bu+Manan/data=!4m7!3m6!1s0x2dd7ff66ca5c7393:0x1d4223c86c04c2da!8m2!3d-7.2610479!4d112.6772925!16s%2Fg%2F11b6v4dyzn!19sChIJk3Ncymb_1y0R2sIEbMgjQh0?authuser=0&hl=id&g_ep=EgoyMDI2MDkwOS4wIJJjKgBIAVAD&rclk=1,-7.2610479,112.6772925,tandes,,9,700000,700000,700000,3,0.58,DeaFitri DO 1 ulasan       7 bulan lalu Apakah masihhh ada yang kosong?saya cari yang harganya dibawah 700rb  Suka  Bagikan,ulasan Google Maps
Kost Abah Tolib,https://www.google.com/maps/place/Kost+Abah+Tolib/data=!4m7!3m6!1s0x2dd7fe669401fdbd:0xce5d52127572119e!8m2!3d-7.2552734!4d112.6598131!16s%2Fg%2F11g6_00_dk!19sChIJvf0BlGb-1y0RnhFydRJSXc4?authuser=0&hl=id&g_ep=EgoyMDI2MDkwOS4wIJJjKgBIAVAD&rclk=1,-7.2552734,112.6598131,tandes,,6,600000,600000,600000,3,5.0,Gusti Prasetya Local Guide · 154 ulasan · 64 foto       Diedit 5 tahun lalu Kontrakan tahunan ukuran 13x3 m. Seharga 6 juta per tahun. Khusus bulan Maret ,ulasan Google Maps
Kost Oranye Manukan Surabaya,https://www.google.com/maps/place/Kost+Oranye+Manukan+Surabaya/data=!4m7!3m6!1s0x2dd7fdd699e6e0dd:0xea899f129252ee7d!8m2!3d-7.270875!4d112.663309!16s%2Fg%2F11fz9_6sg4!19sChIJ3eDmmdb91y0Rfe5SkhKfieo?authuser=0&hl=id&g_ep=EgoyMDI2MDkwOS4wIJJjKgBIAVAD&rclk=1,-7.270875,112.663309,tandes,,15,812300,812300,812300,2,3.0,"Fikry Rachman 4 ulasan · 9 foto       3 tahun lalu Mau nanya harga kostnya brpa  12  Bagikan Tanggapan dari pemilik 8 bulan lalu Mulai 450 kak,bisa lanj",ulasan Google Maps
Kost Pak pri,https://www.google.com/maps/place/Kost+Pak+pri/data=!4m7!3m6!1s0x2dd7fd531f1d480f:0x45e66dda3a00fdec!8m2!3d-7.2854425!4d112.7044909!16s%2Fg%2F11fwtqwp44!19sChIJD0gdH1P91y0R7P0AOtpt5kU?authuser=0&hl=id&g_ep=EgoyMDI2MDkwOS4wIJJjKgBIAVAD&rclk=1,-7.2854425,112.7044909,sukomanunggal,,13,500000,500000,500000,3,0.5,"Tito S. Local Guide · 124 ulasan · 74 foto       6 bulan lalu Kostan murah cuma 500 ribu tapi gak kumuh, sirkulasi udara bagus, gak jauh dari sini ada pen",ulasan Google Maps
Kost Dukuh Kupang Barat CX Surabaya | JE House,https://www.google.com/maps/place/Kost+Dukuh+Kupang+Barat+CX+Surabaya+%7C+JE+House/data=!4m7!3m6!1s0x2dd7fd405eacd543:0xdb712de3436d477e!8m2!3d-7.2788115!4d112.708868!16s%2Fg%2F11msms0qy7!19sChIJQ9WsXkD91y0RfkdtQ-Mtcds?authuser=0&hl=id&g_ep=EgoyMDI2MDkwOS4wIJJjKgBIAVAD&rclk=1,-7.2788115,112.708868,dukuh,,12,812345,812345,812345,2,0.5,"sekar luluk Local Guide · 16 ulasan · 11 foto       6 bulan lalu Kosnya nyaman, fasilitas lengkap, pemilik ramah dan fast respond kalo ada komplain🫶🏻🥰💕 Li",ulasan Google Maps
Kost Bharata,https://www.google.com/maps/place/Kost+Bharata/data=!4m7!3m6!1s0x2dd7fddab95a252b:0x67f9c401317824be!8m2!3d-7.292162!4d112.7091949!16s%2Fg%2F11pcvp056h!19sChIJKyVaudr91y0RviR4MQHE-Wc?authuser=0&hl=id&g_ep=EgoyMDI2MDkwOS4wIJJjKgBIAVAD&rclk=1,-7.292162,112.7091949,dukuh,,8,600000,600000,600000,3,4.0,"Hari Purnomo Local Guide · 208 ulasan · 620 foto       4 tahun lalu Kamarnya cukup luas sekita 4,5x3,75m, untuk biaya sewa perbulannya saat saya masuk(ber",ulasan Google Maps
Kost Intan,https://www.google.com/maps/place/Kost+Intan/data=!4m7!3m6!1s0x2dd7fdf2d547a709:0x5f82f9bdd0172500!8m2!3d-7.2924501!4d112.7089506!16s%2Fg%2F11spxv5cqk!19sChIJCadH1fL91y0RACUX0L35gl8?authuser=0&hl=id&g_ep=EgoyMDI2MDkwOS4wIJJjKgBIAVAD&rclk=1,-7.2924501,112.7089506,dukuh,,7,851812,851812,851812,2,1.0,Vecky Tanasal Local Guide · 18 ulasan · 2 foto       setahun lalu Kost tidak ada survey lokasi aja suruh DP dulu jangan di pakai  Suka  Bagikan Tanggapa,ulasan Google Maps
Kost Ibu Lidya,https://www.google.com/maps/place/Kost+Ibu+Lidya/data=!4m7!3m6!1s0x2dd7fde36afba59f:0x1830dc15c22b9174!8m2!3d-7.2814282!4d112.7094165!16s%2Fg%2F11s6c_kgfs!19sChIJn6X7auP91y0RdJErwhXcMBg?authuser=0&hl=id&g_ep=EgoyMDI2MDkwOS4wIJJjKgBIAVAD&rclk=1,-7.2814282,112.7094165,dukuh,,2,775000,775000,775000,3,4.0,"Leandra Bee Local Guide · 8 ulasan · 15 foto       4 tahun lalu Kost Khusus Putri dekat UWKS bersih nyaman, Harga : Rp. 775.000 ( Non-AC) Fasilitas/includ",ulasan Google Maps
Kos Putra 148 &154,https://www.google.com/maps/place/Kos+Putra+148+%26154/data=!4m7!3m6!1s0x2dd7fde853c36ef7:0xcd695250b4e462e6!8m2!3d-7.2819191!4d112.7104409!16s%2Fg%2F11g10jpyzj!19sChIJ927DU-j91y0R5mLktFBSac0?authuser=0&hl=id&g_ep=EgoyMDI2MDkwOS4wIJJjKgBIAVAD&rclk=1,-7.2819191,112.7104409,dukuh,,18,500000,500000,500000,3,1.0,Doni Hermawan 6 ulasan · 1 foto       setahun lalu kos jorok ga pernah dibersihin. yang punya juga curang. pake ac cuma malem doang dan ga ada alat listri,ulasan Google Maps
Kos Kamboja Putri Jemursari,https://www.google.com/maps/place/Kos+Kamboja+Putri+Jemursari/data=!4m7!3m6!1s0x2dd7fbcf0c0e0309:0xddc71c9d535526d7!8m2!3d-7.3207262!4d112.7391428!16s%2Fg%2F11g2_nf9p9!19sChIJCQMODM_71y0R1yZVU50cx90?authuser=0&hl=id&g_ep=EgoyMDI2MDkwOS4wIJJjKgBIAVAD&rclk=1,-7.3207262,112.7391428,wonocolo,,38,1125000,750000,1500000,6,1.0,"primaannisalh Local Guide · 22 ulasan · 39 foto       Diedit setahun lalu Kost nyaman, bersih, parkir luas, kamar mandi luar, harga 750k-1.5jt fasilitas k",ulasan Google Maps
Graha Cipta House & Mice,https://www.google.com/maps/place/Graha+Cipta+House+%26+Mice/data=!4m10!3m9!1s0x2dd7fb0f4e1265db:0xbc892b70c3819f40!5m2!4m1!1i2!8m2!3d-7.3121186!4d112.7498919!16s%2Fg%2F11g4f5mqz2!19sChIJ22USTg_71y0RQJ-Bw3Aribw?authuser=0&hl=id&g_ep=EgoyMDI2MDkwOS4wIJJjKgBIAVAD&rclk=1,-7.3121186,112.7498919,wonocolo,,17,1700000,1700000,1700000,3,1.0,"dr. ADRA SITOMPUL Local Guide · 12 ulasan  1/5 setahun lalu di Google ★☆☆☆★ – Banyak yang perlu dibenahi Sewa kost di sini Rp 1,7 juta/bulan, tapi ada beberapa",ulasan Google Maps
Kos Kosan Pak Totok,https://www.google.com/maps/place/Kos+Kosan+Pak+Totok/data=!4m7!3m6!1s0x2dd7fbd18b6c7a95:0xc4db4faee3e20c73!8m2!3d-7.3250065!4d112.7343445!16s%2Fg%2F11h1yvws6m!19sChIJlXpsi9H71y0Rcwzi465P28Q?authuser=0&hl=id&g_ep=EgoyMDI2MDkwOS4wIJJjKgBIAVAD&rclk=1,-7.3250065,112.7343445,wonocolo,,6,550000,550000,550000,3,7.0,"dr liem 9 ulasan       7 tahun lalu Murah, cukup bersih, bernuansa natural, ada lapangan basket, parkir luas khusus motor, air sumur bor, harga mulai dari",ulasan Google Maps
Kost Amartha,https://www.google.com/maps/place/Kost+Amartha/data=!4m7!3m6!1s0x2dd7fb01753c1061:0xa058017345c25ef!8m2!3d-7.3118676!4d112.7358356!16s%2Fg%2F11jndxsr5d!19sChIJYRA8dQH71y0R7yVcNBeABQo?authuser=0&hl=id&g_ep=EgoyMDI2MDkwOS4wIJJjKgBIAVAD&rclk=1,-7.3118676,112.7358356,wonocolo,,11,400000,400000,400000,3,5.0,"Tabi Tastic Local Guide · 513 ulasan · 4.081 foto       5 tahun lalu Tempat yang bagus, dengan harga mulai dari 400 ribu. Diterjemahkan oleh Google ・ Liha",ulasan Google Maps
FIDI KOST & GUESTHOUSE,https://www.google.com/maps/place/FIDI+KOST+%26+GUESTHOUSE/data=!4m7!3m6!1s0x2dd7fb088172e39f:0x86f6b910b22e60a5!8m2!3d-7.3199219!4d112.7444587!16s%2Fg%2F11jn4_zqbf!19sChIJn-NygQj71y0RpWAushC59oY?authuser=0&hl=id&g_ep=EgoyMDI2MDkwOS4wIJJjKgBIAVAD&rclk=1,-7.3199219,112.7444587,wonocolo,,4,1500000,1500000,1500000,3,4.0,"lucky dian Anggraeny Local Guide · 39 ulasan · 54 foto       4 tahun lalu Tempat kost bersih, terawat di area jemur sari dengan kisaran harga Antara 1,2 s",ulasan Google Maps
"Kosakata Residence (Kost Putra, Putri, Pasutri) Tenggilis Surabaya","https://www.google.com/maps/place/Kosakata+Residence+%28Kost+Putra,+Putri,+Pasutri%29+Tenggilis+Surabaya/data=!4m7!3m6!1s0x2dd7fb79a00b9973:0x9d12ea0e00a6c77e!8m2!3d-7.3156951!4d112.7624327!16s%2Fg%2F11j37dhcj6!19sChIJc5kLoHn71y0RfsemAA7qEp0?authuser=0&hl=id&g_ep=EgoyMDI2MDkwOS4wIJJjKgBIAVAD&rclk=1",-7.3156951,112.7624327,tenggilis,,113,850000,400000,1300000,6,0.5,"SHINTA DEVI NURMALA SOTYA 7 ulasan · 9 foto       6 bulan lalu permisi apakah ada kamar kosong? boleh minta wa nya, apakah benar dipromosikan di facebook ",ulasan Google Maps
Kost ARSYA,https://www.google.com/maps/place/Kost+ARSYA/data=!4m7!3m6!1s0x2dd7fbea14ffa0d3:0x7a76114e3ca544cf!8m2!3d-7.3235635!4d112.7587581!16s%2Fg%2F11rnf9kkng!19sChIJ06D_FOr71y0Rz0SlPE4Rdno?authuser=0&hl=id&g_ep=EgoyMDI2MDkwOS4wIJJjKgBIAVAD&rclk=1,-7.3235635,112.7587581,tenggilis,,33,700000,700000,700000,3,0.83,PRIYO EFRAT MANURUNG [Sains Data] 6 ulasan       10 bulan lalu Adakah yang 700k/bulannya?  Suka  Bagikan,ulasan Google Maps
Kos Tenggilis D-30,https://www.google.com/maps/place/Kos+Tenggilis+D-30/data=!4m7!3m6!1s0x2dd7fb75cf12b87f:0x5f19a0b15aacd712!8m2!3d-7.3198661!4d112.7619988!16s%2Fg%2F11gtd0k4_q!19sChIJf7gSz3X71y0REtesWrGgGV8?authuser=0&hl=id&g_ep=EgoyMDI2MDkwOS4wIJJjKgBIAVAD&rclk=1,-7.3198661,112.7619988,tenggilis,,3,675000,650000,700000,6,7.0,Vani Oktavia Sugiharto Local Guide · 181 ulasan · 218 foto       7 tahun lalu Harga kos termasuk murah 😍 dan nyaman. Kamar cukup luas dan serasa rumah sen,ulasan Google Maps
Lontar Community Kost Surabaya Barat,https://www.google.com/maps/place/Lontar+Community+Kost+Surabaya+Barat/data=!4m10!3m9!1s0x2dd7fdcbab7eb0ad:0xc05e994f373ccbff!5m2!4m1!1i2!8m2!3d-7.2829386!4d112.6614059!16s%2Fg%2F11r86h27f3!19sChIJrbB-q8v91y0R_8s8N0-ZXsA?authuser=0&hl=id&g_ep=EgoyMDI2MDkwOS4wIJJjKgBIAVAD&rclk=1,-7.2829386,112.6614059,sambikerep,,18,1250000,1250000,1250000,3,5.0,"L Sieto Local Guide · 268 ulasan · 801 foto  5/5 5 tahun lalu di Google Kost2 an Sekelas Bintang 3, lokasi dibelakang Kantor ERA KITA Group. Kost2an yang harga",ulasan Google Maps
Kost Si Putri,https://www.google.com/maps/place/Kost+Si+Putri/data=!4m7!3m6!1s0x2dd7fd9c3d1f52df:0xf5cb471adfbd2f6!8m2!3d-7.2715272!4d112.6618522!16s%2Fg%2F11fnszl_r7!19sChIJ31IfPZz91y0R9tL7rXG0XA8?authuser=0&hl=id&g_ep=EgoyMDI2MDkwOS4wIJJjKgBIAVAD&rclk=1,-7.2715272,112.6618522,sambikerep,,15,600000,200000,800000,9,6.0,"masTYO Local Guide · 577 ulasan · 713 foto       6 tahun lalu Tarif kos per bulan November 2019 ini, yaitu : 600rb/bulan non AC + kasur, 800rb/bulan AC + ",ulasan Google Maps
Sans Stay Bukit Palma Surabaya,https://www.google.com/maps/place/Sans+Stay+Bukit+Palma+Surabaya/data=!4m10!3m9!1s0x2dd7fe18dc540001:0x1304ff8f3b4a359c!5m2!4m1!1i2!8m2!3d-7.2556606!4d112.6271555!16s%2Fg%2F11nnsc4w5k!19sChIJAQBU3Bj-1y0RnDVKO4__BBM?authuser=0&hl=id&g_ep=EgoyMDI2MDkwOS4wIJJjKgBIAVAD&rclk=1,-7.2556606,112.6271555,pakal,,217,350000,350000,350000,3,0.33,Bobby Handoko Local Guide · 4 ulasan · 1 foto  1/5 4 bulan lalu di Google Sangat tidak worth it. Nginap masuk minggu malam keluar senin pagi aja harga 350rb un,ulasan Google Maps
