nama_kos,kecamatan,tipe_penghuni,harga_bulanan,harga_promo,diskon,rating,dilihat,sisa_kamar,daftar_tunggu,n_fasilitas,ada_km_dalam,ada_km_luar,ada_ac,ada_wifi,ada_kasur,ada_lemari,ada_meja,ada_kursi,ada_kloset_duduk,ada_akses_24jam,ada_listrik,ada_kulkas,ada_tv,ada_dapur,sumber,teks_asli
Kost Tiara Sidosermo Tipe B,Wonocolo,Putri,1125000,,,,500,,1,5,1,0,1,1,1,0,0,0,0,1,0,0,0,0,Mamikos,Dilihat 500+ kali Putri Ikut Daftar Tunggu Kost Tiara Sidosermo Tipe B Wonocolo K. Mandi Dalam·WiFi·AC·Kasur·Akses 24 Jam Rp1.125.000 /bulan
Kost Griya Ayu Baratajaya Tipe A,Gubeng,Putri,1525000,1375000,150000,,346,,0,5,0,0,1,1,1,0,0,0,1,1,0,0,0,0,Mamikos,Dilihat 346 kali Putri Kost Griya Ayu Baratajaya Tipe A Gubeng WiFi·AC·Kloset Duduk·Kasur·Akses 24 Jam Diskon 150rb Rp1.525.000 Rp1.375.000 (Bulan pertama)
Kost Tiara Sidosermo Tipe A,Wonocolo,Putri,1400000,,,,500,,1,5,1,0,1,1,1,0,0,0,0,1,0,0,0,0,Mamikos,Dilihat 500+ kali Putri Ikut Daftar Tunggu Kost Tiara Sidosermo Tipe A Wonocolo K. Mandi Dalam·WiFi·AC·Kasur·Akses 24 Jam Rp1.400.000 /bulan
Kost Matra Ngagel Pucang Sewu,Gubeng,Campur,2515000,2440300,75000,4.8,500,2,0,5,1,0,1,1,1,0,0,0,1,0,0,0,0,0,Mamikos,Dilihat 500+ kali Campur Sisa 2 kamar Kost Matra Ngagel Pucang Sewu Kecamatan Gubeng K. Mandi Dalam·WiFi·AC·Kloset Duduk·Kasur 4.8 Diskon 75rb Rp2.515.000 Rp2.440.300 (Bulan pertama)
Kost Griya Ayu Baratajaya Tipe B,Gubeng,Putri,1225000,1105000,120000,,500,2,0,5,0,0,1,1,1,0,0,0,1,1,0,0,0,0,Mamikos,Dilihat 500+ kali Putri Sisa 2 kamar Kost Griya Ayu Baratajaya Tipe B Gubeng WiFi·AC·Kloset Duduk·Kasur·Akses 24 Jam Diskon 120rb Rp1.225.000 Rp1.105.000 (Bulan pertama)
Kost Mitra Jaya Bratang Tipe B,Wonokromo,Putri,632500,577825,55000,4.5,500,,0,4,0,0,0,1,1,0,0,0,1,1,0,0,0,0,Mamikos,Dilihat 500+ kali Putri Kost Mitra Jaya Bratang Tipe B Wonokromo WiFi·Kloset Duduk·Kasur·Akses 24 Jam 4.5 Diskon 55rb Rp632.500 Rp577.825 (Bulan pertama)
Kost Mitra Jaya Bratang Tipe A,Wonokromo,Putri,794500,725245,69000,4.8,500,,0,3,0,0,0,1,1,0,0,0,0,1,0,0,0,0,Mamikos,Dilihat 500+ kali Putri Kost Mitra Jaya Bratang Tipe A Wonokromo WiFi·Kasur·Akses 24 Jam 4.8 Diskon 69rb Rp794.500 Rp725.245 (Bulan pertama)
Kost Onnie Rooms Tipe A,Sukolilo,Putri,2225000,2005000,220000,,222,,0,6,1,0,1,1,1,0,0,0,1,1,0,0,0,0,Mamikos,Dilihat 222 kali Putri Kost Onnie Rooms Tipe A Sukolilo K. Mandi Dalam·WiFi·AC·Kloset Duduk·Kasur·Akses 24 Jam Diskon 220rb Rp2.225.000 Rp2.005.000 (Bulan pertama)
Kost Valentino Tipe B,Sukolilo,Putri,1550000,,,5.0,,,1,6,1,0,1,1,1,0,0,0,1,1,0,0,0,0,Mamikos,Putri Ikut Daftar Tunggu Kost Valentino Tipe B Sukolilo K. Mandi Dalam·WiFi·AC·Kloset Duduk·Kasur·Akses 24 Jam 5.0 Rp1.550.000 /bulan
Kost Tenggilis Mejoyo KH 14 Tipe A,Rungkut,Putra,1325000,1229000,96000,4.8,234,3,0,4,0,0,1,1,1,0,0,0,1,0,0,0,0,0,Mamikos,Dilihat 234 kali Putra Sisa 3 kamar Kost Tenggilis Mejoyo KH 14 Tipe A Rungkut WiFi·AC·Kloset Duduk·Kasur 4.8 Diskon 96rb Rp1.325.000 Rp1.229.000 (Bulan pertama)
Kost Valentino Tipe A,Sukolilo,Putri,1800000,,,,,,1,6,1,0,1,1,1,0,0,0,1,1,0,0,0,0,Mamikos,Putri Ikut Daftar Tunggu Kost Valentino Tipe A Sukolilo K. Mandi Dalam·WiFi·AC·Kloset Duduk·Kasur·Akses 24 Jam Rp1.800.000 /bulan
Kost Q Tipe A Sidosermo,Wonocolo,Campur,2025000,,,4.9,,,1,6,1,0,1,1,1,0,0,0,1,1,0,0,0,0,Mamikos,Campur Ikut Daftar Tunggu Kost Q Tipe A Sidosermo Kecamatan Wonocolo K. Mandi Dalam·WiFi·AC·Kloset Duduk·Kasur·Akses 24 Jam 4.9 Rp2.025.000 /bulan
Kost Hj Hasan Tipe B,Gubeng,Putri,1525000,,,5.0,258,,1,6,1,0,1,1,1,0,0,0,1,1,0,0,0,0,Mamikos,Dilihat 258 kali Putri Ikut Daftar Tunggu Kost Hj Hasan Tipe B Gubeng K. Mandi Dalam·WiFi·AC·Kloset Duduk·Kasur·Akses 24 Jam 5.0 Rp1.525.000 /bulan
Kost Valentino Tipe C,Sukolilo,Putri,1300000,,,5.0,272,,1,6,1,0,1,1,1,0,0,0,1,1,0,0,0,0,Mamikos,Dilihat 272 kali Putri Ikut Daftar Tunggu Kost Valentino Tipe C Sukolilo K. Mandi Dalam·WiFi·AC·Kloset Duduk·Kasur·Akses 24 Jam 5.0 Rp1.300.000 /bulan
Kost Q Tipe C Sidosermo,Wonocolo,Campur,1625000,,,4.9,200,,1,6,1,0,1,1,1,0,0,0,1,1,0,0,0,0,Mamikos,Dilihat 200 kali Campur Ikut Daftar Tunggu Kost Q Tipe C Sidosermo Wonocolo K. Mandi Dalam·WiFi·AC·Kloset Duduk·Kasur·Akses 24 Jam 4.9 Rp1.625.000 /bulan
Kost Q Tipe B Sidosermo,Wonocolo,Campur,1775000,,,4.9,376,,1,6,1,0,1,1,1,0,0,0,1,1,0,0,0,0,Mamikos,Dilihat 376 kali Campur Ikut Daftar Tunggu Kost Q Tipe B Sidosermo Wonocolo K. Mandi Dalam·WiFi·AC·Kloset Duduk·Kasur·Akses 24 Jam 4.9 Rp1.775.000 /bulan
Kost Arc Living Saptahary,Sukolilo,Putri,2000000,,,,227,1,0,5,1,0,1,1,1,0,0,0,1,0,0,0,0,0,Mamikos,Dilihat 227 kali Putri Sisa 1 kamar Kost Arc Living Saptahary Sukolilo K. Mandi Dalam·WiFi·AC·Kloset Duduk·Kasur Rp2.000.000 /bulan
Kost Baratajaya Tipe Grand Deluxe,Gubeng,Putra,3000000,,,,86,,0,6,1,0,1,1,1,0,0,0,1,1,0,0,0,0,Mamikos,Dilihat 86 kali Putra Kost Baratajaya Tipe Grand Deluxe Gubeng K. Mandi Dalam·WiFi·AC·Kloset Duduk·Kasur·Akses 24 Jam Rp3.000.000 /bulan
Kost Untag Unitomo Tipe B,Sukolilo,Putri,1800000,,,,65,1,0,5,1,0,1,1,1,0,0,0,1,0,0,0,0,0,Mamikos,Dilihat 65 kali Putri Sisa 1 kamar Kost Untag Unitomo Tipe B Sukolilo K. Mandi Dalam·WiFi·AC·Kloset Duduk·Kasur Rp1.800.000 /bulan
Kost Asiyah 1 Tipe A,Sukolilo,Putri,860000,,,,,1,0,3,0,0,0,1,1,0,0,0,1,0,0,0,0,0,Mamikos,Putri Sisa 1 kamar Kost Asiyah 1 Tipe A Kecamatan Sukolilo WiFi·Kloset Duduk·Kasur Rp860.000 /bulan
Kost Aditya,Wonokromo,Putra,1000000,,,,,2,0,5,1,0,1,0,1,0,0,0,1,1,0,0,0,0,Mamikos,Putra Sisa 2 kamar Kost Aditya Wonokromo K. Mandi Dalam·AC·Kloset Duduk·Kasur·Akses 24 Jam Rp1.000.000 /bulan
Kost Hj Hasan Tipe A,Gubeng,Putri,1655000,,,4.9,,,1,6,1,0,1,1,1,0,0,0,1,1,0,0,0,0,Mamikos,Putri Ikut Daftar Tunggu Kost Hj Hasan Tipe A Gubeng K. Mandi Dalam·WiFi·AC·Kloset Duduk·Kasur·Akses 24 Jam 4.9 Rp1.655.000 /bulan
Kost ISTTS,Gubeng,Putra,1500000,,,,315,1,0,5,0,0,1,1,1,0,0,0,1,1,0,0,0,0,Mamikos,Dilihat 315 kali Putra Sisa 1 kamar Kost ISTTS Gubeng WiFi·AC·Kloset Duduk·Kasur·Akses 24 Jam Rp1.500.000 /bulan
Kost Mei,Gubeng,Campur,2500000,,,,117,3,0,5,1,0,1,1,1,0,0,0,1,0,0,0,0,0,Mamikos,Dilihat 117 kali Campur Sisa 3 kamar Kost Mei Gubeng K. Mandi Dalam·WiFi·AC·Kloset Duduk·Kasur Rp2.500.000 /bulan
Kost Heinz Tipe Standar,Gubeng,Putra,650000,,,,119,1,0,3,0,0,1,1,1,0,0,0,0,0,0,0,0,0,Mamikos,Dilihat 119 kali Putra Sisa 1 kamar Kost Heinz Tipe Standar Gubeng WiFi·AC·Kasur Rp650.000 /bulan
Kost Baratajaya Tipe Deluxe,Gubeng,Putra,2500000,,,,,1,0,5,0,0,1,1,1,0,0,0,1,1,0,0,0,0,Mamikos,Putra Sisa 1 kamar Kost Baratajaya Tipe Deluxe Gubeng WiFi·AC·Kloset Duduk·Kasur·Akses 24 Jam Rp2.500.000 /bulan
Kost Tunggal Jaya,Sukolilo,Putri,900000,,,,,3,0,3,0,0,0,1,1,0,0,0,1,0,0,0,0,0,Mamikos,Putri Sisa 3 kamar Kost Tunggal Jaya Kecamatan Sukolilo WiFi·Kloset Duduk·Kasur Rp900.000 /bulan
Kost Klapa Exclusive,Sukolilo,Putri,2300000,,,,140,3,0,5,1,0,1,1,1,0,0,0,1,0,0,0,0,0,Mamikos,Dilihat 140 kali Putri Sisa 3 kamar Kost Klapa Exclusive Sukolilo K. Mandi Dalam·WiFi·AC·Kloset Duduk·Kasur Rp2.300.000 /bulan
Kost Baratajaya Tipe Eksekutif Grand Deluxe,Gubeng,Putra,4000000,,,,78,1,0,6,1,0,1,1,1,0,0,0,1,1,0,0,0,0,Mamikos,Dilihat 78 kali Putra Sisa 1 kamar Kost Baratajaya Tipe Eksekutif Grand Deluxe Gubeng K. Mandi Dalam·WiFi·AC·Kloset Duduk·Kasur·Akses 24 Jam Rp4.000.000 /bulan
Kost Ibu Agus,Wonokromo,Campur,650000,,,,,,1,2,0,0,0,0,1,0,0,0,0,1,0,0,0,0,Mamikos,Campur Ikut Daftar Tunggu Kost Ibu Agus Kecamatan Wonokromo Kasur·Akses 24 Jam Rp650.000 /bulan
Kost Umi Tipe A1,Sukolilo,Putri,1180000,,,,,,1,6,1,0,1,1,1,0,0,0,1,1,0,0,0,0,Mamikos,Putri Ikut Daftar Tunggu Kost Umi Tipe A1 Sukolilo K. Mandi Dalam·WiFi·AC·Kloset Duduk·Kasur·Akses 24 Jam Rp1.180.000 /bulan
Kost Nginden Tipe 1,Sukolilo,Putri,750000,,,,30,1,0,3,0,0,0,1,1,0,0,0,1,0,0,0,0,0,Mamikos,Dilihat 30 kali Putri Sisa 1 kamar Kost Nginden Tipe 1 Sukolilo WiFi·Kloset Duduk·Kasur Rp750.000 /bulan
Kost Eksekutif Novy Kamar Besar,Wonokromo,Campur,2000000,,,,34,,1,5,0,0,1,1,1,0,0,0,1,1,0,0,0,0,Mamikos,Dilihat 34 kali Campur Ikut Daftar Tunggu Kost Eksekutif Novy Kamar Besar Kecamatan Wonokromo WiFi·AC·Kloset Duduk·Kasur·Akses 24 Jam Rp2.000.000 /bulan
Kost Suma Tipe Vip,Wonokromo,Putri,1500000,,,,88,,1,6,1,0,1,1,1,0,0,0,1,1,0,0,0,0,Mamikos,Dilihat 88 kali Putri Ikut Daftar Tunggu Kost Suma Tipe Vip Kecamatan Wonokromo K. Mandi Dalam·WiFi·AC·Kloset Duduk·Kasur·Akses 24 Jam Rp1.500.000 /bulan
Kost Priyanca Tipe Standar,Sukolilo,Putra,800000,,,,,,0,2,0,0,0,0,1,0,0,0,1,0,0,0,0,0,Mamikos,Putra Kost Priyanca Tipe Standar Sukolilo Kloset Duduk·Kasur Rp800.000 /bulan
Kost Sharleen Tipe Standar,Sukolilo,Putra,650000,,,,,,1,1,0,0,0,0,1,0,0,0,0,0,0,0,0,0,Mamikos,Putra Ikut Daftar Tunggu Kost Sharleen Tipe Standar Sukolilo Kasur Rp650.000 /bulan
Kost Bapak Aji,Tenggilis Mejoyo,Putri,650000,,,,,,1,4,1,0,0,1,1,0,0,0,0,1,0,0,0,0,Mamikos,Putri Ikut Daftar Tunggu Kost Bapak Aji Tenggilis Mejoyo K. Mandi Dalam·WiFi·Kasur·Akses 24 Jam Rp650.000 /bulan
Kost Holistay 1 Tipe Superior,Sukolilo,Campur,1800000,,,5.0,500,1,0,6,1,0,1,1,1,0,0,0,1,1,0,0,0,0,Mamikos,Dilihat 500+ kali Campur Sisa 1 kamar Kost Holistay 1 Tipe Superior Sukolilo K. Mandi Dalam·WiFi·AC·Kloset Duduk·Kasur·Akses 24 Jam 5.0 Rp1.800.000 /bulan
Kost Pumpungan IV 25 Deluxe 2,Sukolilo,Putri,975000,,,,301,2,0,4,1,0,0,1,1,0,0,0,1,0,0,0,0,0,Mamikos,Dilihat 301 kali Putri Sisa 2 kamar Kost Pumpungan IV 25 Deluxe 2 Kecamatan Sukolilo K. Mandi Dalam·WiFi·Kloset Duduk·Kasur Rp975.000 /bulan
Kost Manyar Tipe B1,Sukolilo,Campur,3000000,,,,177,,0,6,1,0,1,1,1,0,0,0,1,1,0,0,0,0,Mamikos,Dilihat 177 kali Campur Kost Manyar Tipe B1 Sukolilo K. Mandi Dalam·WiFi·AC·Kloset Duduk·Kasur·Akses 24 Jam Rp3.000.000 /bulan
Kost Ngagel Tama 5153 Tipe B,Gubeng,Campur,1800000,,,,384,,0,6,1,0,1,1,1,0,0,0,1,1,0,0,0,0,Mamikos,Dilihat 384 kali Campur Kost Ngagel Tama 5153 Tipe B Kecamatan Gubeng K. Mandi Dalam·WiFi·AC·Kloset Duduk·Kasur·Akses 24 Jam Rp1.800.000 /bulan
Kost Exclusive Graha Cipta Sidosermo Tipe A,Wonocolo,Putra,1502500,,,,500,,0,6,1,0,1,1,1,0,0,0,1,1,0,0,0,0,Mamikos,Dilihat 500+ kali Putra Kost Exclusive Graha Cipta Sidosermo Tipe A Wonocolo K. Mandi Dalam·WiFi·AC·Kloset Duduk·Kasur·Akses 24 Jam Rp1.502.500 /bulan
Kost Premium,Wonokromo,Campur,1900000,,,,146,1,0,5,1,0,1,1,1,0,0,0,1,0,0,0,0,0,Mamikos,Dilihat 146 kali Campur Sisa 1 kamar Kost Premium Wonokromo K. Mandi Dalam·WiFi·AC·Kloset Duduk·Kasur Rp1.900.000 /bulan
Kost Pancasila Tipe A,Sukolilo,Putri,1400000,,,5.0,174,1,0,6,1,0,1,1,1,0,0,0,1,1,0,0,0,0,Mamikos,Dilihat 174 kali Putri Sisa 1 kamar Kost Pancasila Tipe A Sukolilo K. Mandi Dalam·WiFi·AC·Kloset Duduk·Kasur·Akses 24 Jam 5.0 Rp1.400.000 /bulan
Kost Gymbrader Inn Tipe Standart Premium Deluxe,Wonocolo,Campur,1700000,,,,278,,0,6,1,0,1,1,1,0,0,0,1,1,0,0,0,0,Mamikos,Dilihat 278 kali Campur Kost Gymbrader Inn Tipe Standart Premium Deluxe Wonocolo K. Mandi Dalam·WiFi·AC·Kloset Duduk·Kasur·Akses 24 Jam Rp1.700.000 /bulan
Kost Bing Cen,Gubeng,Campur,1400000,,,,354,,0,5,0,0,1,1,1,0,0,0,1,1,0,0,0,0,Mamikos,Dilihat 354 kali Campur Kost Bing Cen Gubeng WiFi·AC·Kloset Duduk·Kasur·Akses 24 Jam Rp1.400.000 /bulan
Kost Fadilla Tipe A,Rungkut,Putri,650000,,,,401,,0,3,0,0,0,1,1,0,0,0,0,1,0,0,0,0,Mamikos,Dilihat 401 kali Putri Kost Fadilla Tipe A Rungkut WiFi·Kasur·Akses 24 Jam Rp650.000 /bulan
Kost Jack And Jill Executive,Rungkut,Campur,1650000,,,,358,2,0,5,1,0,1,1,1,0,0,0,1,0,0,0,0,0,Mamikos,Dilihat 358 kali Campur Sisa 2 kamar Kost Jack And Jill Executive Kecamatan Rungkut K. Mandi Dalam·WiFi·AC·Kloset Duduk·Kasur Rp1.650.000 /bulan
Kost Denaya Vip,Gubeng,Campur,2000000,,,,500,2,0,6,1,0,1,1,1,0,0,0,1,1,0,0,0,0,Mamikos,Dilihat 500+ kali Campur Sisa 2 kamar Kost Denaya Vip Gubeng K. Mandi Dalam·WiFi·AC·Kloset Duduk·Kasur·Akses 24 Jam Rp2.000.000 /bulan
Kost Nginden Intan Tipe Executive,Sukolilo,Campur,2200000,,,4.4,123,,0,6,1,0,1,1,1,0,0,0,1,1,0,0,0,0,Mamikos,Dilihat 123 kali Campur Kost Nginden Intan Tipe Executive Sukolilo K. Mandi Dalam·WiFi·AC·Kloset Duduk·Kasur·Akses 24 Jam 4.4 Rp2.200.000 /bulan
Kost Nginden Intan Tipe Vip,Sukolilo,Campur,2200000,,,,197,,0,6,1,0,1,1,1,0,0,0,1,1,0,0,0,0,Mamikos,Dilihat 197 kali Campur Kost Nginden Intan Tipe Vip Sukolilo K. Mandi Dalam·WiFi·AC·Kloset Duduk·Kasur·Akses 24 Jam Rp2.200.000 /bulan
Kost Syariah Kurnia Tipe Standar,Sukolilo,Putri,680000,,,,365,,0,2,0,0,0,1,1,0,0,0,0,0,0,0,0,0,Mamikos,Dilihat 365 kali Putri Kost Syariah Kurnia Tipe Standar Sukolilo WiFi·Kasur Rp680.000 /bulan
Kost Graha Aashritha 1,Sukolilo,Campur,3250000,,,,255,1,0,5,1,0,1,0,1,0,0,0,1,1,0,0,0,0,Mamikos,Dilihat 255 kali Campur Sisa 1 kamar Kost Graha Aashritha 1 Kecamatan Sukolilo K. Mandi Dalam·AC·Kloset Duduk·Kasur·Akses 24 Jam Rp3.250.000 /bulan
Kost Ucik Nginden Tengah,Sukolilo,Putra,1250000,,,,245,1,0,6,1,0,1,1,1,0,0,0,1,1,0,0,0,0,Mamikos,Dilihat 245 kali Putra Sisa 1 kamar Kost Ucik Nginden Tengah Sukolilo K. Mandi Dalam·WiFi·AC·Kloset Duduk·Kasur·Akses 24 Jam Rp1.250.000 /bulan
Kost Ucik,Sukolilo,Putri,1300000,,,,128,2,0,5,1,0,1,1,1,0,0,0,1,0,0,0,0,0,Mamikos,Dilihat 128 kali Putri Sisa 2 kamar Kost Ucik Kecamatan Sukolilo K. Mandi Dalam·WiFi·AC·Kloset Duduk·Kasur Rp1.300.000 /bulan
Kost Bungtomo11,Gubeng,Campur,1300000,,,,500,1,0,5,0,0,1,1,1,0,0,0,1,1,0,0,0,0,Mamikos,Dilihat 500+ kali Campur Sisa 1 kamar Kost Bungtomo11 Gubeng WiFi·AC·Kloset Duduk·Kasur·Akses 24 Jam Rp1.300.000 /bulan
Kost Prapen Indah Tipe Eksekutif,Tenggilis Mejoyo,Campur,3000000,,,,,1,0,6,1,0,1,1,1,0,0,0,1,1,0,0,0,0,Mamikos,Campur Sisa 1 kamar Kost Prapen Indah Tipe Eksekutif Tenggilis Mejoyo K. Mandi Dalam·WiFi·AC·Kloset Duduk·Kasur·Akses 24 Jam Rp3.000.000 /bulan
Kost Kamda BMU Tipe A,Wonocolo,Putri,1900000,,,,109,1,0,5,1,0,1,1,1,0,0,0,1,0,0,0,0,0,Mamikos,Dilihat 109 kali Putri Sisa 1 kamar Kost Kamda BMU Tipe A Kecamatan Wonocolo K. Mandi Dalam·WiFi·AC·Kloset Duduk·Kasur Rp1.900.000 /bulan
Kost Manyar Tipe A,Sukolilo,Campur,3000000,,,,,,0,6,1,0,1,1,1,0,0,0,1,1,0,0,0,0,Mamikos,Campur Kost Manyar Tipe A Sukolilo K. Mandi Dalam·WiFi·AC·Kloset Duduk·Kasur·Akses 24 Jam Rp3.000.000 /bulan
Kost Omah Ndoro Syariah Superior,Sukolilo,Campur,2300000,,,,208,,0,6,1,0,1,1,1,0,0,0,1,1,0,0,0,0,Mamikos,Dilihat 208 kali Campur Kost Omah Ndoro Syariah Superior Kecamatan Sukolilo K. Mandi Dalam·WiFi·AC·Kloset Duduk·Kasur·Akses 24 Jam Rp2.300.000 /bulan
Kost Untag Tipe Standar,Sukolilo,Putri,800000,,,,62,2,0,3,0,0,0,1,1,0,0,0,1,0,0,0,0,0,Mamikos,Dilihat 62 kali Putri Sisa 2 kamar Kost Untag Tipe Standar Sukolilo WiFi·Kloset Duduk·Kasur Rp800.000 /bulan
Kost Adem Ayem Tipe Standar,Wonokromo,Putri,600000,,,,177,2,0,2,0,0,0,0,1,0,0,0,1,0,0,0,0,0,Mamikos,Dilihat 177 kali Putri Sisa 2 kamar Kost Adem Ayem Tipe Standar Wonokromo Kloset Duduk·Kasur Rp600.000 /bulan
Kost Pancasila Tipe B,Sukolilo,Putri,1250000,,,,147,1,0,5,0,0,1,1,1,0,0,0,1,1,0,0,0,0,Mamikos,Dilihat 147 kali Putri Sisa 1 kamar Kost Pancasila Tipe B Sukolilo WiFi·AC·Kloset Duduk·Kasur·Akses 24 Jam Rp1.250.000 /bulan
Kost Griya Suya Tipe Standard Non Ac,Sukolilo,Putri,900000,,,,339,3,0,4,1,0,0,1,1,0,0,0,1,0,0,0,0,0,Mamikos,Dilihat 339 kali Putri Sisa 3 kamar Kost Griya Suya Tipe Standard Non Ac Sukolilo K. Mandi Dalam·WiFi·Kloset Duduk·Kasur Rp900.000 /bulan
Kost Jnj Living Tipe Eksklusif,Rungkut,Campur,1850000,,,,108,,0,6,1,0,1,1,1,0,0,0,1,1,0,0,0,0,Mamikos,Dilihat 108 kali Campur Kost Jnj Living Tipe Eksklusif Rungkut K. Mandi Dalam·WiFi·AC·Kloset Duduk·Kasur·Akses 24 Jam Rp1.850.000 /bulan
Kost Pumpungan IV Tipe Premium A,Sukolilo,Putri,975000,,,,296,1,0,3,0,0,1,1,1,0,0,0,0,0,0,0,0,0,Mamikos,Dilihat 296 kali Putri Sisa 1 kamar Kost Pumpungan IV Tipe Premium A Kecamatan Sukolilo WiFi·AC·Kasur Rp975.000 /bulan
Kost Jnj Living Rs Ubaya Tipe Ekslusif,Rungkut,Campur,1850000,,,,205,,0,6,1,0,1,1,1,0,0,0,1,1,0,0,0,0,Mamikos,Dilihat 205 kali Campur Kost Baru Jnj Living Rs Ubaya Tipe Ekslusif Rungkut K. Mandi Dalam·WiFi·AC·Kloset Duduk·Kasur·Akses 24 Jam Rp1.850.000 /bulan
Kost J&j Living Tipe Eksklusif,Rungkut,Campur,1850000,,,,74,,0,5,1,0,1,1,1,0,0,0,1,0,0,0,0,0,Mamikos,Dilihat 74 kali Campur Kost J&j Living Tipe Eksklusif Rungkut K. Mandi Dalam·WiFi·AC·Kloset Duduk·Kasur Promo Grand Opening Rp1.850.000 /bulan
Kost Semolowaru Praja Tipe A,Sukolilo,Putri,950000,,,,101,1,0,2,0,0,0,1,1,0,0,0,0,0,0,0,0,0,Mamikos,Dilihat 101 kali Putri Sisa 1 kamar Kost Semolowaru Praja Tipe A Kecamatan Sukolilo WiFi·Kasur Rp950.000 /bulan
Kost Asiyah 1 Tipe B,Sukolilo,Putri,825000,,,,,1,0,3,0,0,0,1,1,0,0,0,1,0,0,0,0,0,Mamikos,Putri Sisa 1 kamar Kost Asiyah 1 Tipe B Kecamatan Sukolilo WiFi·Kloset Duduk·Kasur Rp825.000 /bulan
Kost Manyar Rejo I Tipe A,Sukolilo,Putri,1200000,,,,405,2,0,5,1,0,1,0,1,0,0,0,1,1,0,0,0,0,Mamikos,Dilihat 405 kali Putri Sisa 2 kamar Kost Manyar Rejo I Tipe A Kecamatan Sukolilo K. Mandi Dalam·AC·Kloset Duduk·Kasur·Akses 24 Jam Rp1.200.000 /bulan
Kost Pumpungan IV 25 Tipe Mantap,Sukolilo,Putri,775000,,,,361,2,0,3,0,0,0,1,1,0,0,0,1,0,0,0,0,0,Mamikos,Dilihat 361 kali Putri Sisa 2 kamar Kost Pumpungan IV 25 Tipe Mantap Kecamatan Sukolilo WiFi·Kloset Duduk·Kasur Rp775.000 /bulan
Kost Dwi Aningsih Tipe A,Tenggilis Mejoyo,Putri,575000,,,,281,1,0,3,0,0,0,1,1,0,0,0,0,1,0,0,0,0,Mamikos,Dilihat 281 kali Putri Sisa 1 kamar Kost Dwi Aningsih Tipe A Kecamatan Tenggilis Mejoyo WiFi·Kasur·Akses 24 Jam Rp575.000 /bulan
Kost Praja III Tipe A,Sukolilo,Putri,1400000,,,,,1,0,2,0,0,1,0,0,0,0,0,0,1,0,0,0,0,Mamikos,Putri Sisa 1 kamar Kost Praja III Tipe A Kecamatan Sukolilo AC·Akses 24 Jam Rp1.400.000 /bulan
Kost Cendana Standart,Wonokromo,Putri,900000,,,,500,3,0,5,0,0,1,1,1,0,0,0,1,1,0,0,0,0,Mamikos,Dilihat 500+ kali Putri Sisa 3 kamar Kost Cendana Standart Kecamatan Wonokromo WiFi·AC·Kloset Duduk·Kasur·Akses 24 Jam Rp900.000 /bulan
Kost De Luma Residence Standard,Tenggilis Mejoyo,Campur,1200000,,,,500,,0,5,1,0,1,1,1,0,0,0,1,0,0,0,0,0,Mamikos,Dilihat 500+ kali Campur Kost De Luma Residence Standard Kecamatan Tenggilis Mejoyo K. Mandi Dalam·WiFi·AC·Kloset Duduk·Kasur Rp1.200.000 /bulan
Kost Manyar Tipe Premium A,Sukolilo,Putri,1300000,,,,,2,0,3,0,0,0,1,1,0,0,0,1,0,0,0,0,0,Mamikos,Putri Sisa 2 kamar Kost Manyar Tipe Premium A Sukolilo WiFi·Kloset Duduk·Kasur Rp1.300.000 /bulan
Kost Mono,Sukolilo,Putri,2000000,,,,152,1,0,6,1,0,1,1,1,0,0,0,1,1,0,0,0,0,Mamikos,Dilihat 152 kali Putri Sisa 1 kamar Kost Mono Kecamatan Sukolilo K. Mandi Dalam·WiFi·AC·Kloset Duduk·Kasur·Akses 24 Jam Rp2.000.000 /bulan
Kost Holistay 1 Deluxe,Sukolilo,Campur,2300000,,,,180,1,0,6,1,0,1,1,1,0,0,0,1,1,0,0,0,0,Mamikos,Dilihat 180 kali Campur Sisa 1 kamar Kost Holistay 1 Deluxe Sukolilo K. Mandi Dalam·WiFi·AC·Kloset Duduk·Kasur·Akses 24 Jam Rp2.300.000 /bulan
Kost Rumah Berkah,Wonokromo,Putri,700000,,,,500,1,0,3,1,0,0,1,1,0,0,0,0,0,0,0,0,0,Mamikos,Dilihat 500+ kali Putri Sisa 1 kamar Kost Rumah Berkah Wonokromo K. Mandi Dalam·WiFi·Kasur Rp700.000 /bulan
Kost Asiyah 1 Tipe C,Sukolilo,Putri,675000,,,,77,1,0,3,0,0,0,1,1,0,0,0,1,0,0,0,0,0,Mamikos,Dilihat 77 kali Putri Sisa 1 kamar Kost Asiyah 1 Tipe C Kecamatan Sukolilo WiFi·Kloset Duduk·Kasur Rp675.000 /bulan
Kost Bu Dewi Reformasi Tipe A,Tenggilis Mejoyo,Putri,600000,,,,254,1,0,3,0,0,0,1,1,0,0,0,0,1,0,0,0,0,Mamikos,Dilihat 254 kali Putri Sisa 1 kamar Kost Bu Dewi Reformasi Tipe A Tenggilis Mejoyo WiFi·Kasur·Akses 24 Jam Rp600.000 /bulan
Kost Pumpungan IV 25 Deluxe Plus,Sukolilo,Putri,1300000,,,,207,1,0,5,1,0,1,1,1,0,0,0,1,0,0,0,0,0,Mamikos,Dilihat 207 kali Putri Sisa 1 kamar Kost Pumpungan IV 25 Deluxe Plus Kecamatan Sukolilo K. Mandi Dalam·WiFi·AC·Kloset Duduk·Kasur Rp1.300.000 /bulan
Kost Exclusive Graha Cipta Sidosermo Tipe B,Wonocolo,Campur,1702500,,,,304,1,0,6,1,0,1,1,1,0,0,0,1,1,0,0,0,0,Mamikos,Dilihat 304 kali Campur Sisa 1 kamar Kost Exclusive Graha Cipta Sidosermo Tipe B Kecamatan Wonocolo K. Mandi Dalam·WiFi·AC·Kloset Duduk·Kasur·Akses 24 Jam Rp1.702.500 /bulan
Kost Pumpungan IV Tipe Standar,Sukolilo,Putri,680000,,,,130,1,0,2,0,0,0,1,1,0,0,0,0,0,0,0,0,0,Mamikos,Dilihat 130 kali Putri Sisa 1 kamar Kost Pumpungan IV Tipe Standar Kecamatan Sukolilo WiFi·Kasur Rp680.000 /bulan
Kost Sidosermo Indah Residence,Wonocolo,Campur,2500000,,,,,1,0,6,1,0,1,1,1,0,0,0,1,1,0,0,0,0,Mamikos,Campur Sisa 1 kamar Kost Sidosermo Indah Residence Wonocolo K. Mandi Dalam·WiFi·AC·Kloset Duduk·Kasur·Akses 24 Jam Rp2.500.000 /bulan
Kost Njt Tipe Eksklusif,Gubeng,Campur,1750000,,,,292,,0,5,1,0,1,1,1,0,0,0,1,0,0,0,0,0,Mamikos,Dilihat 292 kali Campur Kost Njt Tipe Eksklusif Gubeng K. Mandi Dalam·WiFi·AC·Kloset Duduk·Kasur Rp1.750.000 /bulan
Kost Graha Wasana Tipe Eksekutif,Gubeng,Putri,1500010,,,,401,,0,6,1,0,1,1,1,0,0,0,1,1,0,0,0,0,Mamikos,Dilihat 401 kali Putri Kost Graha Wasana Tipe Eksekutif Gubeng K. Mandi Dalam·WiFi·AC·Kloset Duduk·Kasur·Akses 24 Jam Rp1.500.010 /bulan
Kost Namira Tipe A,Sukolilo,Putri,1300000,,,5.0,172,,1,5,1,0,1,1,1,0,0,0,1,0,0,0,0,0,Mamikos,Dilihat 172 kali Putri Ikut Daftar Tunggu Kost Namira Tipe A Sukolilo K. Mandi Dalam·WiFi·AC·Kloset Duduk·Kasur 5.0 Rp1.300.000 /bulan
Kost Bhinneka Ngagel Tipe C,Wonokromo,Campur,1400000,,,,198,2,0,5,1,0,0,1,1,0,0,0,1,1,0,0,0,0,Mamikos,Dilihat 198 kali Campur Sisa 2 kamar Kost Bhinneka Ngagel Tipe C Kecamatan Wonokromo K. Mandi Dalam·WiFi·Kloset Duduk·Kasur·Akses 24 Jam Rp1.400.000 /bulan
Kost Untag Unitomo Tipe A,Sukolilo,Putri,1400000,,,,,,1,5,1,0,1,1,1,0,0,0,1,0,0,0,0,0,Mamikos,Putri Ikut Daftar Tunggu Kost Untag Unitomo Tipe A Kecamatan Sukolilo K. Mandi Dalam·WiFi·AC·Kloset Duduk·Kasur Rp1.400.000 /bulan
Kost Semolowaru Praja Tipe B1,Sukolilo,Putri,1400000,,,,,,1,2,0,0,0,1,1,0,0,0,0,0,0,0,0,0,Mamikos,Putri Ikut Daftar Tunggu Kost Semolowaru Praja Tipe B1 Kecamatan Sukolilo WiFi·Kasur Rp1.400.000 /bulan
Kost Sidosermo Indah Residence B2,Wonocolo,Campur,1800000,,,,,,1,4,1,0,1,0,0,0,0,0,1,1,0,0,0,0,Mamikos,Campur Ikut Daftar Tunggu Kost Sidosermo Indah Residence B2 Wonocolo K. Mandi Dalam·AC·Kloset Duduk·Akses 24 Jam Rp1.800.000 /bulan
Kost Kibar 43 Tipe A Ngagel Mulyo,Wonokromo,Putri,1000000,,,5.0,,,1,3,1,0,0,1,1,0,0,0,0,0,0,0,0,0,Mamikos,Putri Ikut Daftar Tunggu Kost Kibar 43 Tipe A Ngagel Mulyo Wonokromo K. Mandi Dalam·WiFi·Kasur 5.0 Rp1.000.000 /bulan
Kost Ruma Asta,Gubeng,Putri,950000,,,,121,,1,3,0,0,0,1,1,0,0,0,1,0,0,0,0,0,Mamikos,Dilihat 121 kali Putri Ikut Daftar Tunggu Kost Ruma Asta Gubeng WiFi·Kloset Duduk·Kasur Rp950.000 /bulan
Kost Kamda BMU Tipe B AC,Wonocolo,Putri,1700000,,,,,,1,5,1,0,1,1,1,0,0,0,1,0,0,0,0,0,Mamikos,Putri Ikut Daftar Tunggu Kost Kamda BMU Tipe B AC Kecamatan Wonocolo K. Mandi Dalam·WiFi·AC·Kloset Duduk·Kasur Rp1.700.000 /bulan
Kost Elite Nginden Tengah,Sukolilo,Putra,1400000,,,,,,1,6,1,0,1,1,1,0,0,0,1,1,0,0,0,0,Mamikos,Putra Ikut Daftar Tunggu Kost Elite Nginden Tengah Kecamatan Sukolilo K. Mandi Dalam·WiFi·AC·Kloset Duduk·Kasur·Akses 24 Jam Rp1.400.000 /bulan
Kost Bu Dewi Reformasi Tipe B,Tenggilis Mejoyo,Putri,575000,,,,205,,1,3,0,0,0,1,1,0,0,0,0,1,0,0,0,0,Mamikos,Dilihat 205 kali Putri Ikut Daftar Tunggu Kost Bu Dewi Reformasi Tipe B Tenggilis Mejoyo WiFi·Kasur·Akses 24 Jam Rp575.000 /bulan
Kost Bu Nuryatin Tipe Standart,Sukolilo,Putra,500000,,,,115,2,0,2,0,0,0,1,1,0,0,0,0,0,0,0,0,0,Mamikos,Dilihat 115 kali Putra Sisa 2 kamar Kost Bu Nuryatin Tipe Standart Sukolilo WiFi·Kasur Rp500.000 /bulan
Kost Bu Yana Vvip 1,Gubeng,Putra,1200000,,,,,,1,4,0,0,1,1,1,0,0,0,1,0,0,0,0,0,Mamikos,Putra Ikut Daftar Tunggu Kost Bu Yana Vvip 1 Gubeng WiFi·AC·Kloset Duduk·Kasur Rp1.200.000 /bulan
Kost Keluarga Tipe A,Sukolilo,Campur,1550000,,,,,,1,4,1,0,0,0,1,0,0,0,1,1,0,0,0,0,Mamikos,Campur Ikut Daftar Tunggu Kost Keluarga Tipe A Kecamatan Sukolilo K. Mandi Dalam·Kloset Duduk·Kasur·Akses 24 Jam Rp1.550.000 /bulan
Kost Bu Siti UNTAG Tipe Standar,Sukolilo,Campur,600000,,,,500,,1,1,0,0,0,0,1,0,0,0,0,0,0,0,0,0,Mamikos,Dilihat 500+ kali Campur Ikut Daftar Tunggu Kost Bu Siti UNTAG Tipe Standar Sukolilo Kasur Rp600.000 /bulan
Kost Holistay 1 Standard,Sukolilo,Campur,1600000,,,,90,,1,5,1,0,1,1,1,0,0,0,1,0,0,0,0,0,Mamikos,Dilihat 90 kali Campur Ikut Daftar Tunggu Kost Holistay 1 Standard Sukolilo K. Mandi Dalam·WiFi·AC·Kloset Duduk·Kasur Rp1.600.000 /bulan
Kost Pancasila Tipe C,Sukolilo,Putri,800000,,,,,,1,4,0,0,0,1,1,0,0,0,1,1,0,0,0,0,Mamikos,Putri Ikut Daftar Tunggu Kost Pancasila Tipe C Sukolilo WiFi·Kloset Duduk·Kasur·Akses 24 Jam Rp800.000 /bulan
Kost Bratang Gede 6E Tipe B,Wonokromo,Putri,1200000,,,,67,,1,5,1,0,1,1,1,0,0,0,1,0,0,0,0,0,Mamikos,Dilihat 67 kali Putri Ikut Daftar Tunggu Kost Bratang Gede 6E Tipe B Wonokromo K. Mandi Dalam·WiFi·AC·Kloset Duduk·Kasur Rp1.200.000 /bulan
Kost Ferkyta Tipe A,Wonokromo,Putra,1100000,,,5.0,123,,1,5,0,0,1,1,1,0,0,0,1,1,0,0,0,0,Mamikos,Dilihat 123 kali Putra Ikut Daftar Tunggu Kost Ferkyta Tipe A Wonokromo WiFi·AC·Kloset Duduk·Kasur·Akses 24 Jam 5.0 Rp1.100.000 /bulan
Kost Manyar Tipe B,Sukolilo,Putri,700000,,,,,,1,3,0,0,0,1,1,0,0,0,1,0,0,0,0,0,Mamikos,Putri Ikut Daftar Tunggu Kost Manyar Tipe B Sukolilo WiFi·Kloset Duduk·Kasur Rp700.000 /bulan
Kost Holistay 1 Superior B,Sukolilo,Campur,1700000,,,,,,1,6,1,0,1,1,1,0,0,0,1,1,0,0,0,0,Mamikos,Campur Ikut Daftar Tunggu Kost Holistay 1 Superior B Kecamatan Sukolilo K. Mandi Dalam·WiFi·AC·Kloset Duduk·Kasur·Akses 24 Jam Rp1.700.000 /bulan
Kost Bu Yana Vvip,Gubeng,Campur,1400000,,,,57,,1,5,1,0,1,1,1,0,0,0,1,0,0,0,0,0,Mamikos,Dilihat 57 kali Campur Ikut Daftar Tunggu Kost Bu Yana Vvip Gubeng K. Mandi Dalam·WiFi·AC·Kloset Duduk·Kasur Rp1.400.000 /bulan
Kost Semolowaru Praja Tipe Ac Reguler Lt 2,Sukolilo,Putri,1400000,,,,,,1,3,0,0,1,1,1,0,0,0,0,0,0,0,0,0,Mamikos,Putri Ikut Daftar Tunggu Kost Semolowaru Praja Tipe Ac Reguler Lt 2 Kecamatan Sukolilo WiFi·AC·Kasur Rp1.400.000 /bulan
Kost Minimalist Tipe B,Sukolilo,Putri,750000,,,,86,1,0,2,0,0,0,1,1,0,0,0,0,0,0,0,0,0,Mamikos,Dilihat 86 kali Putri Sisa 1 kamar Kost Minimalist Tipe B Kecamatan Sukolilo WiFi·Kasur Rp750.000 /bulan
Kost Pumpungan IV 25 Tipe Studio,Sukolilo,Putri,1500001,,,,,,1,5,1,0,1,1,1,0,0,0,1,0,0,0,0,0,Mamikos,Putri Ikut Daftar Tunggu Kost Pumpungan IV 25 Tipe Studio Kecamatan Sukolilo K. Mandi Dalam·WiFi·AC·Kloset Duduk·Kasur Rp1.500.001 /bulan
Kost Krukah 1 Tipe A,Gubeng,Putri,500000,,,,240,,1,2,0,0,0,0,1,0,0,0,0,1,0,0,0,0,Mamikos,Dilihat 240 kali Putri Ikut Daftar Tunggu Kost Krukah 1 Tipe A Kecamatan Gubeng Kasur·Akses 24 Jam Rp500.000 /bulan
Kost Sone Laundry Tipe C,Sukolilo,Putra,800000,,,,70,,1,5,0,0,1,1,1,0,0,0,1,1,0,0,0,0,Mamikos,Dilihat 70 kali Putra Ikut Daftar Tunggu Kost Sone Laundry Tipe C Kecamatan Sukolilo WiFi·AC·Kloset Duduk·Kasur·Akses 24 Jam Rp800.000 /bulan
Kost Semolowaru Praja Tipe Ac Kmd,Sukolilo,Putri,1550000,,,,,,1,4,1,0,0,1,1,0,0,0,1,0,0,0,0,0,Mamikos,Putri Ikut Daftar Tunggu Kost Semolowaru Praja Tipe Ac Kmd Kecamatan Sukolilo K. Mandi Dalam·WiFi·Kloset Duduk·Kasur Rp1.550.000 /bulan
Kost Griya Suya Tipe Premium Ac,Sukolilo,Putri,1200000,,,,,,1,5,1,0,1,1,1,0,0,0,1,0,0,0,0,0,Mamikos,Putri Ikut Daftar Tunggu Kost Griya Suya Tipe Premium Ac Sukolilo K. Mandi Dalam·WiFi·AC·Kloset Duduk·Kasur Rp1.200.000 /bulan
Kost Mi Casa Tipe B,Wonokromo,Putra,750000,,,,339,,1,3,0,0,0,1,1,0,0,0,0,1,0,0,0,0,Mamikos,Dilihat 339 kali Putra Ikut Daftar Tunggu Kost Mi Casa Tipe B Kecamatan Wonokromo WiFi·Kasur·Akses 24 Jam Rp750.000 /bulan
Kost Kibar 43 Tipe B,Wonokromo,Putri,1400000,,,,63,,1,5,1,0,1,1,1,0,0,0,1,0,0,0,0,0,Mamikos,Dilihat 63 kali Putri Ikut Daftar Tunggu Kost Kibar 43 Tipe B Wonokromo K. Mandi Dalam·WiFi·AC·Kloset Duduk·Kasur Rp1.400.000 /bulan
Kost IV Tipe B,Sukolilo,Putri,750000,,,,,,1,2,0,0,0,1,1,0,0,0,0,0,0,0,0,0,Mamikos,Putri Ikut Daftar Tunggu Kost IV Tipe B Sukolilo WiFi·Kasur Rp750.000 /bulan
Kost Bu Yana Tipe A,Gubeng,Campur,1400000,,,,,,1,6,1,0,1,1,1,0,0,0,1,1,0,0,0,0,Mamikos,Campur Ikut Daftar Tunggu Kost Bu Yana Tipe A Gubeng K. Mandi Dalam·WiFi·AC·Kloset Duduk·Kasur·Akses 24 Jam Rp1.400.000 /bulan
Kost La Koste Unair 26 Tipe A,Gubeng,Putra,1950000,,,,228,,1,6,1,0,1,1,1,0,0,0,1,1,0,0,0,0,Mamikos,Dilihat 228 kali Putra Ikut Daftar Tunggu Kost La Koste Unair 26 Tipe A Kecamatan Gubeng K. Mandi Dalam·WiFi·AC·Kloset Duduk·Kasur·Akses 24 Jam Rp1.950.000 /bulan
Kost Bu Yana VVIP 3,Gubeng,Putra,1200000,,,,109,,1,5,0,0,1,1,1,0,0,0,1,1,0,0,0,0,Mamikos,Dilihat 109 kali Putra Ikut Daftar Tunggu Kost Bu Yana VVIP 3 Gubeng WiFi·AC·Kloset Duduk·Kasur·Akses 24 Jam Rp1.200.000 /bulan
Kost Hijau Bu Made,Wonokromo,Putri,900001,,,,493,,1,4,0,0,0,1,1,0,0,0,1,1,0,0,0,0,Mamikos,Dilihat 493 kali Putri Ikut Daftar Tunggu Kost Hijau Bu Made Wonokromo WiFi·Kloset Duduk·Kasur·Akses 24 Jam Rp900.001 /bulan
Kost Sone Laundry Tipe A,Sukolilo,Putra,1400000,,,,234,,1,6,1,0,1,1,1,0,0,0,1,1,0,0,0,0,Mamikos,Dilihat 234 kali Putra Ikut Daftar Tunggu Kost Sone Laundry Tipe A Kecamatan Sukolilo K. Mandi Dalam·WiFi·AC·Kloset Duduk·Kasur·Akses 24 Jam Rp1.400.000 /bulan
Kost Ferkyta Tipe B,Wonokromo,Putra,1000000,,,5.0,,,1,5,0,0,1,1,1,0,0,0,1,1,0,0,0,0,Mamikos,Putra Ikut Daftar Tunggu Kost Ferkyta Tipe B Wonokromo WiFi·AC·Kloset Duduk·Kasur·Akses 24 Jam 5.0 Rp1.000.000 /bulan
Kost Bu Sulimah,Sukolilo,Putra,450000,,,,,,1,1,0,0,0,0,1,0,0,0,0,0,0,0,0,0,Mamikos,Putra Ikut Daftar Tunggu Kost Bu Sulimah Kecamatan Sukolilo Kasur Rp450.000 /bulan
Kost Pumpungan IV 25 Deluxe,Sukolilo,Putri,1000000,,,,,,1,4,1,0,0,1,1,0,0,0,1,0,0,0,0,0,Mamikos,Putri Ikut Daftar Tunggu Kost Pumpungan IV 25 Deluxe Kecamatan Sukolilo K. Mandi Dalam·WiFi·Kloset Duduk·Kasur Rp1.000.000 /bulan
Kost Bapak Eko Dan Bu Gendut,Gubeng,Campur,900000,,,,,1,0,2,0,0,0,1,1,0,0,0,0,0,0,0,0,0,Mamikos,Campur Sisa 1 kamar Kost Bapak Eko Dan Bu Gendut Gubeng WiFi·Kasur Rp900.000 /bulan
Kost Edu 3 Executive,Gubeng,Putri,1300000,,,,,,1,5,0,0,1,1,1,0,0,0,1,1,0,0,0,0,Mamikos,Putri Ikut Daftar Tunggu Kost Edu 3 Executive Kecamatan Gubeng WiFi·AC·Kloset Duduk·Kasur·Akses 24 Jam Rp1.300.000 /bulan
Kost Bratang Gede 6D,Wonokromo,Putri,980000,,,4.0,92,,1,2,0,0,0,1,1,0,0,0,0,0,0,0,0,0,Mamikos,Dilihat 92 kali Putri Ikut Daftar Tunggu Kost Bratang Gede 6D Wonokromo WiFi·Kasur 4.0 Rp980.000 /bulan
Kost Mommy,Rungkut,Putra,1000000,,,5.0,203,,0,5,1,0,1,1,1,0,0,0,1,0,0,0,0,0,Mamikos,Dilihat 203 kali Putra Kost Mommy Kecamatan Rungkut K. Mandi Dalam·WiFi·AC·Kloset Duduk·Kasur 5.0 Rp1.000.000 /bulan
Kost Novan 12,Gubeng,Putra,1500000,,,,296,,1,6,1,0,1,1,1,0,0,0,1,1,0,0,0,0,Mamikos,Dilihat 296 kali Putra Ikut Daftar Tunggu Kost Novan 12 Kecamatan Gubeng K. Mandi Dalam·WiFi·AC·Kloset Duduk·Kasur·Akses 24 Jam Rp1.500.000 /bulan
Kost Pumpungan IV 25 Tipe Mantap Jiwa,Sukolilo,Putri,975000,,,,,,1,4,0,0,1,1,1,0,0,0,1,0,0,0,0,0,Mamikos,Putri Ikut Daftar Tunggu Kost Pumpungan IV 25 Tipe Mantap Jiwa Kecamatan Sukolilo WiFi·AC·Kloset Duduk·Kasur Rp975.000 /bulan
Kost Bhinneka Ngagel Tipe D,Wonokromo,Campur,1300000,,,,325,1,0,5,1,0,0,1,1,0,0,0,1,1,0,0,0,0,Mamikos,Dilihat 325 kali Campur Sisa 1 kamar Kost Bhinneka Ngagel Tipe D Kecamatan Wonokromo K. Mandi Dalam·WiFi·Kloset Duduk·Kasur·Akses 24 Jam Rp1.300.000 /bulan
Kost Novan G1,Tenggilis Mejoyo,Putra,1050000,,,4.4,79,,1,6,1,0,1,1,1,0,0,0,1,1,0,0,0,0,Mamikos,Dilihat 79 kali Putra Ikut Daftar Tunggu Kost Novan G1 Kecamatan Tenggilis Mejoyo K. Mandi Dalam·WiFi·AC·Kloset Duduk·Kasur·Akses 24 Jam 4.4 Rp1.050.000 /bulan
Kost Bratang Gede 6E Tipe 1,Wonokromo,Putri,1300000,,,5.0,220,,1,5,1,0,1,1,1,0,0,0,1,0,0,0,0,0,Mamikos,Dilihat 220 kali Putri Ikut Daftar Tunggu Kost Bratang Gede 6E Tipe 1 Kecamatan Wonokromo K. Mandi Dalam·WiFi·AC·Kloset Duduk·Kasur 5.0 Rp1.300.000 /bulan
Kost Pumpungan IV Tipe Premium B,Sukolilo,Putri,775000,,,,,,1,2,0,0,0,1,1,0,0,0,0,0,0,0,0,0,Mamikos,Putri Ikut Daftar Tunggu Kost Pumpungan IV Tipe Premium B Kecamatan Sukolilo WiFi·Kasur Rp775.000 /bulan
Kost Kamda BMU Tipe A Standart Balcony,Wonocolo,Putri,2400000,,,,,,1,5,1,0,1,1,1,0,0,0,1,0,0,0,0,0,Mamikos,Putri Ikut Daftar Tunggu Kost Kamda BMU Tipe A Standart Balcony Kecamatan Wonocolo K. Mandi Dalam·WiFi·AC·Kloset Duduk·Kasur Rp2.400.000 /bulan
Kost Ubaya Mega,Rungkut,Campur,1000000,,,,500,,1,6,1,0,1,1,1,0,0,0,1,1,0,0,0,0,Mamikos,Dilihat 500+ kali Campur Ikut Daftar Tunggu Kost Ubaya Mega Rungkut K. Mandi Dalam·WiFi·AC·Kloset Duduk·Kasur·Akses 24 Jam Rp1.000.000 /bulan
Kost BMU 834 Tipe A,Wonocolo,Putri,1500000,,,,,,1,5,1,0,1,1,1,0,0,0,0,1,0,0,0,0,Mamikos,Putri Ikut Daftar Tunggu Kost BMU 834 Tipe A Kecamatan Wonocolo K. Mandi Dalam·WiFi·AC·Kasur·Akses 24 Jam Rp1.500.000 /bulan
Kost Edu Baratajaya,Gubeng,Putri,1200000,,,,,,1,4,0,0,1,1,1,0,0,0,1,0,0,0,0,0,Mamikos,Putri Ikut Daftar Tunggu Kost Edu Baratajaya Gubeng WiFi·AC·Kloset Duduk·Kasur Rp1.200.000 /bulan
Kost Yura Tipe Vip,Wonokromo,Campur,1500000,,,,421,2,0,5,0,0,1,1,1,0,0,0,1,1,0,0,0,0,Mamikos,Dilihat 421 kali Campur Sisa 2 kamar Kost Yura Tipe Vip Wonokromo WiFi·AC·Kloset Duduk·Kasur·Akses 24 Jam Rp1.500.000 /bulan
Kost Risnoe Tipe A,Wonokromo,Putra,575000,,,,210,,1,4,0,0,0,1,1,0,0,0,1,1,0,0,0,0,Mamikos,Dilihat 210 kali Putra Ikut Daftar Tunggu Kost Risnoe Tipe A Wonokromo WiFi·Kloset Duduk·Kasur·Akses 24 Jam Rp575.000 /bulan
Kost Executive Tipe A,Wonocolo,Campur,1100000,,,,222,,1,4,1,0,1,0,1,0,0,0,1,0,0,0,0,0,Mamikos,Dilihat 222 kali Campur Ikut Daftar Tunggu Kost Executive Tipe A Wonocolo K. Mandi Dalam·AC·Kloset Duduk·Kasur Rp1.100.000 /bulan
Kost Warata,Wonokromo,Putra,1100000,,,4.6,64,,1,5,1,0,0,1,1,0,0,0,1,1,0,0,0,0,Mamikos,Dilihat 64 kali Putra Ikut Daftar Tunggu Kost Warata Kecamatan Wonokromo K. Mandi Dalam·WiFi·Kloset Duduk·Kasur·Akses 24 Jam 4.6 Rp1.100.000 /bulan
Kost Harmoni Nusantara,Wonokromo,Putri,1000000,,,,144,,1,6,1,0,1,1,1,0,0,0,1,1,0,0,0,0,Mamikos,Dilihat 144 kali Putri Ikut Daftar Tunggu Kost Harmoni Nusantara Kecamatan Wonokromo K. Mandi Dalam·WiFi·AC·Kloset Duduk·Kasur·Akses 24 Jam Rp1.000.000 /bulan
Kost Jl Ngagel Jaya Tengah Tipe A,Gubeng,Campur,1150000,,,,143,,1,5,1,0,1,1,0,0,0,0,1,1,0,0,0,0,Mamikos,Dilihat 143 kali Campur Ikut Daftar Tunggu Kost Jl Ngagel Jaya Tengah Tipe A Kecamatan Gubeng K. Mandi Dalam·WiFi·AC·Kloset Duduk·Akses 24 Jam Rp1.150.000 /bulan
Kost Pink Nginden II Tipe C,Sukolilo,Putri,550000,,,,61,,1,2,0,0,0,1,1,0,0,0,0,0,0,0,0,0,Mamikos,Dilihat 61 kali Putri Ikut Daftar Tunggu Kost Pink Nginden II Tipe C Kecamatan Sukolilo WiFi·Kasur Rp550.000 /bulan
Kost Razky Tipe A,Sukolilo,Putra,800000,,,,80,,1,2,0,0,0,1,1,0,0,0,0,0,0,0,0,0,Mamikos,Dilihat 80 kali Putra Ikut Daftar Tunggu Kost Razky Tipe A Sukolilo WiFi·Kasur Rp800.000 /bulan
Kost Arunala Co Living Tipe A,Wonocolo,Putri,1700000,,,,80,,1,5,1,0,1,1,1,0,0,0,1,0,0,0,0,0,Mamikos,Dilihat 80 kali Putri Ikut Daftar Tunggu Kost Arunala Co Living Tipe A Wonocolo K. Mandi Dalam·WiFi·AC·Kloset Duduk·Kasur Rp1.700.000 /bulan
Kost Amanah Ngagel Wasana Tipe C,Gubeng,Putra,1000000,,,,,,1,3,0,0,0,1,1,0,0,0,0,1,0,0,0,0,Mamikos,Putra Ikut Daftar Tunggu Kost Amanah Ngagel Wasana Tipe C Gubeng WiFi·Kasur·Akses 24 Jam Rp1.000.000 /bulan
Kost Kusuma Bratang Gede VI Tipe A,Wonokromo,Campur,1800000,,,,80,,1,5,1,0,1,1,1,0,0,0,0,1,0,0,0,0,Mamikos,Dilihat 80 kali Campur Ikut Daftar Tunggu Kost Kusuma Bratang Gede VI Tipe A Wonokromo K. Mandi Dalam·WiFi·AC·Kasur·Akses 24 Jam Rp1.800.000 /bulan
Kost Umar,Sukolilo,Putri,600000,,,,360,,1,3,0,0,0,1,1,0,0,0,0,1,0,0,0,0,Mamikos,Dilihat 360 kali Putri Ikut Daftar Tunggu Kost Umar Sukolilo WiFi·Kasur·Akses 24 Jam Rp600.000 /bulan
Kost Amanah Ngagal Wasana Tipe A,Gubeng,Putra,600000,,,,,,1,3,0,0,0,1,1,0,0,0,0,1,0,0,0,0,Mamikos,Putra Ikut Daftar Tunggu Kost Amanah Ngagal Wasana Tipe A Gubeng WiFi·Kasur·Akses 24 Jam Rp600.000 /bulan
Kost Eksklusif Ngagel Tipe D,Wonokromo,Campur,2300000,,,,102,,1,6,1,0,1,1,1,0,0,0,1,1,0,0,0,0,Mamikos,Dilihat 102 kali Campur Ikut Daftar Tunggu Kost Eksklusif Ngagel Tipe D Kecamatan Wonokromo K. Mandi Dalam·WiFi·AC·Kloset Duduk·Kasur·Akses 24 Jam Rp2.300.000 /bulan
Kost Jl Ngagel Jaya Tengah Tipe B,Gubeng,Campur,852000,,,,72,,1,5,0,0,1,1,1,0,0,0,1,1,0,0,0,0,Mamikos,Dilihat 72 kali Campur Ikut Daftar Tunggu Kost Jl Ngagel Jaya Tengah Tipe B Gubeng WiFi·AC·Kloset Duduk·Kasur·Akses 24 Jam Rp852.000 /bulan
Kost Arunala Co Living Tipe B,Wonocolo,Putri,1900000,,,,,,1,5,1,0,1,1,1,0,0,0,1,0,0,0,0,0,Mamikos,Putri Ikut Daftar Tunggu Kost Arunala Co Living Tipe B Wonocolo K. Mandi Dalam·WiFi·AC·Kloset Duduk·Kasur Rp1.900.000 /bulan
Kost Beth Tipe D,Wonokromo,Putra,1100000,,,,72,,1,5,0,0,1,1,1,0,0,0,1,1,0,0,0,0,Mamikos,Dilihat 72 kali Putra Ikut Daftar Tunggu Kost Beth Tipe D Kecamatan Wonokromo WiFi·AC·Kloset Duduk·Kasur·Akses 24 Jam Rp1.100.000 /bulan
Kost Ngagel Jaya Tengah Tipe C2,Gubeng,Campur,900000,,,,134,,1,4,0,0,0,1,1,0,0,0,1,1,0,0,0,0,Mamikos,Dilihat 134 kali Campur Ikut Daftar Tunggu Kost Ngagel Jaya Tengah Tipe C2 Kecamatan Gubeng WiFi·Kloset Duduk·Kasur·Akses 24 Jam Rp900.000 /bulan
Kost Bu Wati Tipe Comfort,Gubeng,Campur,1350000,,,4.4,500,2,0,6,1,0,1,1,1,0,0,0,1,1,0,0,0,0,Mamikos,Dilihat 500+ kali Campur Sisa 2 kamar Kost Bu Wati Tipe Comfort Gubeng K. Mandi Dalam·WiFi·AC·Kloset Duduk·Kasur·Akses 24 Jam 4.4 Rp1.350.000 /bulan
Kost Panjang Jiwo Permai,Tenggilis Mejoyo,Putri,850000,,,,410,3,0,4,0,0,1,1,1,0,0,0,1,0,0,0,0,0,Mamikos,Dilihat 410 kali Putri Sisa 3 kamar Kost Panjang Jiwo Permai Kecamatan Tenggilis Mejoyo WiFi·AC·Kloset Duduk·Kasur Rp850.000 /bulan
Kost Sidosermo 1,Wonocolo,Putri,1050000,,,,347,1,0,3,1,0,0,0,1,0,0,0,0,1,0,0,0,0,Mamikos,Dilihat 347 kali Putri Sisa 1 kamar Kost Sidosermo 1 Kecamatan Wonocolo K. Mandi Dalam·Kasur·Akses 24 Jam Rp1.050.000 /bulan
Kost Barata Jaya 33 Tipe A,Gubeng,Putri,550000,,,,92,2,0,4,0,0,0,1,1,0,0,0,1,1,0,0,0,0,Mamikos,Dilihat 92 kali Putri Sisa 2 kamar Kost Barata Jaya 33 Tipe A Kecamatan Gubeng WiFi·Kloset Duduk·Kasur·Akses 24 Jam Rp550.000 /bulan
Kost Bu Noer,Wonokromo,Putra,350000,,,,500,1,0,3,0,0,0,1,1,0,0,0,0,1,0,0,0,0,Mamikos,Dilihat 500+ kali Putra Sisa 1 kamar Kost Bu Noer Kecamatan Wonokromo WiFi·Kasur·Akses 24 Jam Rp350.000 /bulan
Kost Ngagel Madya I,Gubeng,Putra,1500000,,,,456,1,0,6,1,0,1,1,1,0,0,0,1,1,0,0,0,0,Mamikos,Dilihat 456 kali Putra Sisa 1 kamar Kost Ngagel Madya I Gubeng K. Mandi Dalam·WiFi·AC·Kloset Duduk·Kasur·Akses 24 Jam Rp1.500.000 /bulan
Kost HJM Eksklusif,Wonokromo,Putra,1400000,,,,109,1,0,6,1,0,1,1,1,0,0,0,1,1,0,0,0,0,Mamikos,Dilihat 109 kali Putra Sisa 1 kamar Kost HJM Eksklusif Wonokromo K. Mandi Dalam·WiFi·AC·Kloset Duduk·Kasur·Akses 24 Jam Rp1.400.000 /bulan
Kost Barata Jaya 1C,Gubeng,Putra,1500000,,,,107,1,0,5,1,0,1,1,1,0,0,0,1,0,0,0,0,0,Mamikos,Dilihat 107 kali Putra Sisa 1 kamar Kost Barata Jaya 1C Kecamatan Gubeng K. Mandi Dalam·WiFi·AC·Kloset Duduk·Kasur Rp1.500.000 /bulan
Kost Pandega Citrabangsa Tipe Biasa,Sukolilo,Putri,500000,,,,500,,0,5,1,0,0,1,1,0,0,0,1,1,0,0,0,0,Mamikos,Dilihat 500+ kali Putri Kost Pandega Citrabangsa Tipe Biasa Kecamatan Sukolilo K. Mandi Dalam·WiFi·Kloset Duduk·Kasur·Akses 24 Jam Rp500.000 /bulan
Kost Luxury Graha Indah Tipe Executive,Wonokromo,Campur,1700000,,,,404,,0,6,1,0,1,1,1,0,0,0,1,1,0,0,0,0,Mamikos,Dilihat 404 kali Campur Kost Luxury Graha Indah Tipe Executive Wonokromo K. Mandi Dalam·WiFi·AC·Kloset Duduk·Kasur·Akses 24 Jam Rp1.700.000 /bulan
Kost Hana Tipe A,Tenggilis Mejoyo,Putri,950000,,,,193,,0,4,1,0,0,1,1,0,0,0,1,0,0,0,0,0,Mamikos,Dilihat 193 kali Putri Kost Hana Tipe A Kecamatan Tenggilis Mejoyo K. Mandi Dalam·WiFi·Kloset Duduk·Kasur Rp950.000 /bulan
Kost Pumpungan,Sukolilo,Putri,725000,,,,257,2,0,4,0,0,0,1,1,0,0,0,1,1,0,0,0,0,Mamikos,Dilihat 257 kali Putri Sisa 2 kamar Kost Pumpungan Kecamatan Sukolilo WiFi·Kloset Duduk·Kasur·Akses 24 Jam Rp725.000 /bulan
Kost Nginden Intan Utara Tipe A,Sukolilo,Campur,800000,,,,308,,0,3,0,0,0,0,1,0,0,0,1,1,0,0,0,0,Mamikos,Dilihat 308 kali Campur Kost Nginden Intan Utara Tipe A Sukolilo Kloset Duduk·Kasur·Akses 24 Jam Rp800.000 /bulan
Kost Ngagel Vl,Gubeng,Putri,1300000,,,,485,1,0,5,1,0,1,1,1,0,0,0,1,0,0,0,0,0,Mamikos,Dilihat 485 kali Putri Sisa 1 kamar Kost Ngagel Vl Gubeng K. Mandi Dalam·WiFi·AC·Kloset Duduk·Kasur Rp1.300.000 /bulan
Kost Tesere Manyar Indah,Sukolilo,Putri,1675000,,,,126,,0,4,1,0,1,1,1,0,0,0,0,0,0,0,0,0,Mamikos,Dilihat 126 kali Putri Kost Tesere Manyar Indah Kecamatan Sukolilo K. Mandi Dalam·WiFi·AC·Kasur Rp1.675.000 /bulan
Kost Eko,Sukolilo,Putri,575000,,,,,3,0,2,0,0,0,1,1,0,0,0,0,0,0,0,0,0,Mamikos,Putri Sisa 3 kamar Kost Eko Kecamatan Sukolilo WiFi·Kasur Rp575.000 /bulan
Kost Achmad Raihan Tipe Ac,Wonokromo,Putri,1000000,,,,336,1,0,5,1,0,1,1,1,0,0,0,1,0,0,0,0,0,Mamikos,Dilihat 336 kali Putri Sisa 1 kamar Kost Achmad Raihan Tipe Ac Kecamatan Wonokromo K. Mandi Dalam·WiFi·AC·Kloset Duduk·Kasur Rp1.000.000 /bulan
Kost Raudhah In Tipe 3,Wonokromo,Putri,1500000,,,,198,1,0,5,1,0,1,1,1,0,0,0,1,0,0,0,0,0,Mamikos,Dilihat 198 kali Putri Sisa 1 kamar Kost Raudhah In Tipe 3 Wonokromo K. Mandi Dalam·WiFi·AC·Kloset Duduk·Kasur Rp1.500.000 /bulan
Kost Brajarani Lima Sepuluh Tipe A,Gubeng,Putri,1300000,,,,80,1,0,5,0,0,1,1,1,0,0,0,1,1,0,0,0,0,Mamikos,Dilihat 80 kali Putri Sisa 1 kamar Kost Brajarani Lima Sepuluh Tipe A Kecamatan Gubeng WiFi·AC·Kloset Duduk·Kasur·Akses 24 Jam Rp1.300.000 /bulan
Kost Dede Executive,Wonokromo,Putri,1550000,,,,462,1,0,6,1,0,1,1,1,0,0,0,1,1,0,0,0,0,Mamikos,Dilihat 462 kali Putri Sisa 1 kamar Kost Dede Executive Kecamatan Wonokromo K. Mandi Dalam·WiFi·AC·Kloset Duduk·Kasur·Akses 24 Jam Rp1.550.000 /bulan
Kost Hakare Bendul Tipe Standart,Wonocolo,Campur,2000000,,,,,1,0,5,0,0,1,1,1,0,0,0,1,1,0,0,0,0,Mamikos,Campur Sisa 1 kamar Kost Hakare Bendul Tipe Standart Kecamatan Wonocolo WiFi·AC·Kloset Duduk·Kasur·Akses 24 Jam Rp2.000.000 /bulan
Kost Hakare Bendul Tipe Standar,Wonocolo,Campur,1600000,,,,186,3,0,5,0,0,1,1,1,0,0,0,1,1,0,0,0,0,Mamikos,Dilihat 186 kali Campur Sisa 3 kamar Kost Hakare Bendul Tipe Standar Wonocolo WiFi·AC·Kloset Duduk·Kasur·Akses 24 Jam Rp1.600.000 /bulan
Kost Nginden Intan Utara Tipe Tertib,Sukolilo,Campur,753000,,,,500,,0,3,0,0,0,0,1,0,0,0,1,1,0,0,0,0,Mamikos,Dilihat 500+ kali Campur Kost Nginden Intan Utara Tipe Tertib Sukolilo Kloset Duduk·Kasur·Akses 24 Jam Rp753.000 /bulan
Kost Amanah Ngagal Wasana Tipe B,Gubeng,Putra,650000,,,5.0,147,1,0,3,0,0,0,0,1,0,0,0,1,1,0,0,0,0,Mamikos,Dilihat 147 kali Putra Sisa 1 kamar Kost Amanah Ngagal Wasana Tipe B Kecamatan Gubeng Kloset Duduk·Kasur·Akses 24 Jam 5.0 Rp650.000 /bulan
Kost Bratang Tipe B,Wonokromo,Putri,725000,,,5.0,128,1,0,3,0,0,0,1,1,0,0,0,0,1,0,0,0,0,Mamikos,Dilihat 128 kali Putri Sisa 1 kamar Kost Bratang Tipe B Wonokromo WiFi·Kasur·Akses 24 Jam 5.0 Rp725.000 /bulan
Kost Ladeaa 776 Tipe Standar,Wonokromo,Putra,1500000,,,,77,1,0,4,0,0,1,1,1,0,0,0,1,0,0,0,0,0,Mamikos,Dilihat 77 kali Putra Sisa 1 kamar Kost Ladeaa 776 Tipe Standar Kecamatan Wonokromo WiFi·AC·Kloset Duduk·Kasur Rp1.500.000 /bulan
Kost Pink Nginden II Tipe Non Ac,Sukolilo,Putri,650000,,,,149,1,0,2,0,0,0,1,1,0,0,0,0,0,0,0,0,0,Mamikos,Dilihat 149 kali Putri Sisa 1 kamar Kost Pink Nginden II Tipe Non Ac Kecamatan Sukolilo WiFi·Kasur Rp650.000 /bulan
Kost Exclusive Arya House Tipe Standart,Sukolilo,Putra,1000000,,,,112,2,0,4,0,0,0,1,1,0,0,0,1,1,0,0,0,0,Mamikos,Dilihat 112 kali Putra Sisa 2 kamar Kost Exclusive Arya House Tipe Standart Sukolilo WiFi·Kloset Duduk·Kasur·Akses 24 Jam Rp1.000.000 /bulan
Kost Lapak Tantri,Wonokromo,Putri,725000,,,,237,1,0,2,0,0,0,1,1,0,0,0,0,0,0,0,0,0,Mamikos,Dilihat 237 kali Putri Sisa 1 kamar Kost Lapak Tantri Kecamatan Wonokromo WiFi·Kasur Rp725.000 /bulan
Kost Mommy Tipe B,Rungkut,Putra,1400000,,,,65,2,0,6,1,0,1,1,1,0,0,0,1,1,0,0,0,0,Mamikos,Dilihat 65 kali Putra Sisa 2 kamar Kost Mommy Tipe B Kecamatan Rungkut K. Mandi Dalam·WiFi·AC·Kloset Duduk·Kasur·Akses 24 Jam Rp1.400.000 /bulan
Kost Bhinneka Ngagel Tipe B,Wonokromo,Campur,2100000,,,,205,2,0,6,1,0,1,1,1,0,0,0,1,1,0,0,0,0,Mamikos,Dilihat 205 kali Campur Sisa 2 kamar Kost Bhinneka Ngagel Tipe B Kecamatan Wonokromo K. Mandi Dalam·WiFi·AC·Kloset Duduk·Kasur·Akses 24 Jam Rp2.100.000 /bulan
Kost Sedulur Nginden Tipe Standar,Sukolilo,Putra,1000000,,,,,,0,4,0,0,1,1,1,0,0,0,1,0,0,0,0,0,Mamikos,Putra Kost Sedulur Nginden Tipe Standar Sukolilo WiFi·AC·Kloset Duduk·Kasur Rp1.000.000 /bulan
Kost Bu Lestari,Wonokromo,Putri,1400000,,,5.0,79,1,0,4,0,0,0,1,1,0,0,0,1,1,0,0,0,0,Mamikos,Dilihat 79 kali Putri Sisa 1 kamar Kost Bu Lestari Wonokromo WiFi·Kloset Duduk·Kasur·Akses 24 Jam 5.0 Rp1.400.000 /bulan
Kost Komfee Living,Gubeng,Campur,2200000,,,,173,2,0,5,1,0,1,1,1,0,0,0,1,0,0,0,0,0,Mamikos,Dilihat 173 kali Campur Sisa 2 kamar Kost Komfee Living Kecamatan Gubeng K. Mandi Dalam·WiFi·AC·Kloset Duduk·Kasur Rp2.200.000 /bulan
Kost Hakare Bendul Tipe Mezanin,Wonocolo,Campur,2000000,,,,138,3,0,5,0,0,1,1,1,0,0,0,1,1,0,0,0,0,Mamikos,Dilihat 138 kali Campur Sisa 3 kamar Kost Hakare Bendul Tipe Mezanin Kecamatan Wonocolo WiFi·AC·Kloset Duduk·Kasur·Akses 24 Jam Rp2.000.000 /bulan
Kost Ngagel Krukah Bratang,Wonokromo,Putri,750000,,,,131,2,0,3,0,0,0,1,1,0,0,0,0,1,0,0,0,0,Mamikos,Dilihat 131 kali Putri Sisa 2 kamar Kost Ngagel Krukah Bratang Kecamatan Wonokromo WiFi·Kasur·Akses 24 Jam Rp750.000 /bulan
Kost Suma Tipe B,Wonokromo,Putri,1100000,,,,183,1,0,5,0,0,1,1,1,0,0,0,1,1,0,0,0,0,Mamikos,Dilihat 183 kali Putri Sisa 1 kamar Kost Suma Tipe B Kecamatan Wonokromo WiFi·AC·Kloset Duduk·Kasur·Akses 24 Jam Rp1.100.000 /bulan
Kost Pink Nginden Tipe Non Ac,Sukolilo,Putri,750000,,,,150,1,0,2,0,0,0,1,1,0,0,0,0,0,0,0,0,0,Mamikos,Dilihat 150 kali Putri Sisa 1 kamar Kost Pink Nginden Tipe Non Ac Kecamatan Sukolilo WiFi·Kasur Rp750.000 /bulan
Kost JS 12,Wonokromo,Putra,600000,,,,215,1,0,4,0,0,0,1,1,0,0,0,1,1,0,0,0,0,Mamikos,Dilihat 215 kali Putra Sisa 1 kamar Kost JS 12 Wonokromo WiFi·Kloset Duduk·Kasur·Akses 24 Jam Rp600.000 /bulan
Kost Lazarus Eksekutif,Sukolilo,Putri,1500000,,,,158,,0,5,1,0,1,1,1,0,0,0,1,0,0,0,0,0,Mamikos,Dilihat 158 kali Putri Kost Lazarus Eksekutif Sukolilo K. Mandi Dalam·WiFi·AC·Kloset Duduk·Kasur Rp1.500.000 /bulan
Kost Palma VVIP,Wonokromo,Campur,1600000,,,,306,1,0,5,1,0,1,1,1,0,0,0,1,0,0,0,0,0,Mamikos,Dilihat 306 kali Campur Sisa 1 kamar Kost Palma VVIP Kecamatan Wonokromo K. Mandi Dalam·WiFi·AC·Kloset Duduk·Kasur Rp1.600.000 /bulan
Kost Ngagel Mulya,Wonokromo,Putra,750000,,,,500,1,0,2,0,0,0,0,1,0,0,0,1,0,0,0,0,0,Mamikos,Dilihat 500+ kali Putra Sisa 1 kamar Kost Ngagel Mulya Wonokromo Kloset Duduk·Kasur Rp750.000 /bulan
Kost Rafiasha,Sukolilo,Putri,800000,,,,,3,0,3,0,0,0,1,1,0,0,0,1,0,0,0,0,0,Mamikos,Putri Sisa 3 kamar Kost Rafiasha Sukolilo WiFi·Kloset Duduk·Kasur Rp800.000 /bulan
Kost Pink Nginden II Tipe Ac,Sukolilo,Putri,900000,,,,77,1,0,3,0,0,1,1,1,0,0,0,0,0,0,0,0,0,Mamikos,Dilihat 77 kali Putri Sisa 1 kamar Kost Pink Nginden II Tipe Ac Kecamatan Sukolilo WiFi·AC·Kasur Rp900.000 /bulan
Kost Talia Tipe A,Gubeng,Putri,900000,,,,155,1,0,5,0,0,1,1,1,0,0,0,1,1,0,0,0,0,Mamikos,Dilihat 155 kali Putri Sisa 1 kamar Kost Talia Tipe A Gubeng WiFi·AC·Kloset Duduk·Kasur·Akses 24 Jam Rp900.000 /bulan
Kost Hosana Tipe Ac,Wonokromo,Putri,1800000,,,5.0,167,2,0,5,1,0,1,1,1,0,0,0,1,0,0,0,0,0,Mamikos,Dilihat 167 kali Putri Sisa 2 kamar Kost Hosana Tipe Ac Wonokromo K. Mandi Dalam·WiFi·AC·Kloset Duduk·Kasur 5.0 Rp1.800.000 /bulan
Kost Talia Tipe B,Gubeng,Putri,925000,,,,61,1,0,5,0,0,1,1,1,0,0,0,1,1,0,0,0,0,Mamikos,Dilihat 61 kali Putri Sisa 1 kamar Kost Talia Tipe B Gubeng WiFi·AC·Kloset Duduk·Kasur·Akses 24 Jam Rp925.000 /bulan
Kost Z Stay Tipe B,Wonokromo,Campur,1700123,,,,271,1,0,5,1,0,1,0,1,0,0,0,1,1,0,0,0,0,Mamikos,Dilihat 271 kali Campur Sisa 1 kamar Kost Z Stay Tipe B Wonokromo K. Mandi Dalam·AC·Kloset Duduk·Kasur·Akses 24 Jam Rp1.700.123 /bulan
Kost 3 Tingkat Tertib Bersih Nginden Tipe A,Sukolilo,Campur,803000,,,,135,,0,4,0,0,0,1,1,0,0,0,1,1,0,0,0,0,Mamikos,Dilihat 135 kali Campur Kost 3 Tingkat Tertib Bersih Nginden Tipe A Sukolilo WiFi·Kloset Duduk·Kasur·Akses 24 Jam Rp803.000 /bulan
Kost Misdi Ceria Tipe A,Gubeng,Putri,800000,,,,372,2,0,2,0,0,0,1,1,0,0,0,0,0,0,0,0,0,Mamikos,Dilihat 372 kali Putri Sisa 2 kamar Kost Misdi Ceria Tipe A Kecamatan Gubeng WiFi·Kasur Rp800.000 /bulan
Kost Bu Tutik Bratang,Gubeng,Putri,700000,,,,308,2,0,1,0,0,0,0,1,0,0,0,0,0,0,0,0,0,Mamikos,Dilihat 308 kali Putri Sisa 2 kamar Kost Bu Tutik Bratang Gubeng Kasur Rp700.000 /bulan
Kost Hakare Bendul Tipe Standar 1,Wonocolo,Campur,2300000,,,,,1,0,5,0,0,1,1,1,0,0,0,1,1,0,0,0,0,Mamikos,Campur Sisa 1 kamar Kost Hakare Bendul Tipe Standar 1 Kecamatan Wonocolo WiFi·AC·Kloset Duduk·Kasur·Akses 24 Jam Rp2.300.000 /bulan
Kost Raudhah In,Wonokromo,Putri,1500000,,,,268,1,0,5,1,0,1,1,1,0,0,0,1,0,0,0,0,0,Mamikos,Dilihat 268 kali Putri Sisa 1 kamar Kost Raudhah In Wonokromo K. Mandi Dalam·WiFi·AC·Kloset Duduk·Kasur Rp1.500.000 /bulan
Kost Raudhah In Tipe Lantai 1,Wonokromo,Putri,1500000,,,,338,1,0,6,1,0,1,1,1,0,0,0,1,1,0,0,0,0,Mamikos,Dilihat 338 kali Putri Sisa 1 kamar Kost Raudhah In Tipe Lantai 1 Wonokromo K. Mandi Dalam·WiFi·AC·Kloset Duduk·Kasur·Akses 24 Jam Rp1.500.000 /bulan
Kost Krukah,Wonokromo,Putra,700000,,,,,,1,3,0,0,0,1,1,0,0,0,0,1,0,0,0,0,Mamikos,Putra Ikut Daftar Tunggu Kost Krukah Wonokromo WiFi·Kasur·Akses 24 Jam Rp700.000 /bulan
Kost Jl Ngagel Jaya Tengah Tipe C,Gubeng,Campur,1000000,,,,194,,1,6,1,0,1,1,1,0,0,0,1,1,0,0,0,0,Mamikos,Dilihat 194 kali Campur Ikut Daftar Tunggu Kost Jl Ngagel Jaya Tengah Tipe C Kecamatan Gubeng K. Mandi Dalam·WiFi·AC·Kloset Duduk·Kasur·Akses 24 Jam Rp1.000.000 /bulan
Kost Siti Zubaidah Tipe A,Sukolilo,Putri,450000,,,,288,,1,3,0,0,0,1,1,0,0,0,0,1,0,0,0,0,Mamikos,Dilihat 288 kali Putri Ikut Daftar Tunggu Kost Siti Zubaidah Tipe A Kecamatan Sukolilo WiFi·Kasur·Akses 24 Jam Rp450.000 /bulan
Kost Asri Tipe Standar,Gubeng,Putri,700000,,,,137,,1,2,0,0,0,1,1,0,0,0,0,0,0,0,0,0,Mamikos,Dilihat 137 kali Putri Ikut Daftar Tunggu Kost Asri Tipe Standar Gubeng WiFi·Kasur Rp700.000 /bulan
Kost Griya Wigu 1,Wonokromo,Putri,1750000,,,,101,,1,5,1,0,1,1,1,0,0,0,0,1,0,0,0,0,Mamikos,Dilihat 101 kali Putri Ikut Daftar Tunggu Kost Griya Wigu 1 Wonokromo K. Mandi Dalam·WiFi·AC·Kasur·Akses 24 Jam Rp1.750.000 /bulan
Kost Minimalist Tipe C,Sukolilo,Putri,650000,,,,,,1,2,0,0,0,1,1,0,0,0,0,0,0,0,0,0,Mamikos,Putri Ikut Daftar Tunggu Kost Minimalist Tipe C Kecamatan Sukolilo WiFi·Kasur Rp650.000 /bulan
Kost Desta Tipe Standart,Wonokromo,Putra,650000,,,,443,,1,1,0,0,0,0,1,0,0,0,0,0,0,0,0,0,Mamikos,Dilihat 443 kali Putra Ikut Daftar Tunggu Kost Desta Tipe Standart Wonokromo Kasur Rp650.000 /bulan
Kost Sidosermo,Wonocolo,Putra,1050000,,,,167,,1,4,1,0,0,0,1,0,0,0,1,1,0,0,0,0,Mamikos,Dilihat 167 kali Putra Ikut Daftar Tunggu Kost Sidosermo Kecamatan Wonocolo K. Mandi Dalam·Kloset Duduk·Kasur·Akses 24 Jam Rp1.050.000 /bulan
Kost Tutik Mirawati Tipe A,Sukolilo,Putra,700000,,,5.0,86,,1,4,0,0,0,1,1,0,0,0,1,1,0,0,0,0,Mamikos,Dilihat 86 kali Putra Ikut Daftar Tunggu Kost Tutik Mirawati Tipe A Kecamatan Sukolilo WiFi·Kloset Duduk·Kasur·Akses 24 Jam 5.0 Rp700.000 /bulan
Kost Haifa Manyar Indah,Sukolilo,Putri,1600000,,,,,,1,6,1,0,1,1,1,0,0,0,1,1,0,0,0,0,Mamikos,Putri Ikut Daftar Tunggu Kost Haifa Manyar Indah Kecamatan Sukolilo K. Mandi Dalam·WiFi·AC·Kloset Duduk·Kasur·Akses 24 Jam Rp1.600.000 /bulan
Kost Achmad Raihan Tipe Non Ac,Wonokromo,Putra,650000,,,,340,,1,4,1,0,0,1,1,0,0,0,1,0,0,0,0,0,Mamikos,Dilihat 340 kali Putra Ikut Daftar Tunggu Kost Achmad Raihan Tipe Non Ac Wonokromo K. Mandi Dalam·WiFi·Kloset Duduk·Kasur Rp650.000 /bulan
Kost Zstay,Wonokromo,Campur,1900000,,,,121,,1,6,1,0,1,1,1,0,0,0,1,1,0,0,0,0,Mamikos,Dilihat 121 kali Campur Ikut Daftar Tunggu Kost Zstay Wonokromo K. Mandi Dalam·WiFi·AC·Kloset Duduk·Kasur·Akses 24 Jam Rp1.900.000 /bulan
Kost Minimalist Tipe D,Sukolilo,Putri,625000,,,,,,1,2,0,0,0,1,1,0,0,0,0,0,0,0,0,0,Mamikos,Putri Ikut Daftar Tunggu Kost Minimalist Tipe D Kecamatan Sukolilo WiFi·Kasur Rp625.000 /bulan
Kost Nestay Living Deluxe,Sukolilo,Putri,2300000,,,,,,1,5,1,0,1,1,1,0,0,0,1,0,0,0,0,0,Mamikos,Putri Ikut Daftar Tunggu Kost Nestay Living Deluxe Sukolilo K. Mandi Dalam·WiFi·AC·Kloset Duduk·Kasur Rp2.300.000 /bulan
Kost Bhinneka Ngagel Tipe A Non Ac,Wonokromo,Campur,1400000,,,,204,,1,5,1,0,0,1,1,0,0,0,1,1,0,0,0,0,Mamikos,Dilihat 204 kali Campur Ikut Daftar Tunggu Kost Bhinneka Ngagel Tipe A Non Ac Kecamatan Wonokromo K. Mandi Dalam·WiFi·Kloset Duduk·Kasur·Akses 24 Jam Rp1.400.000 /bulan
Kost Cemerlang,Sukolilo,Putri,1520000,,,,73,,1,6,1,0,1,1,1,0,0,0,1,1,0,0,0,0,Mamikos,Dilihat 73 kali Putri Ikut Daftar Tunggu Kost Cemerlang Kecamatan Sukolilo K. Mandi Dalam·WiFi·AC·Kloset Duduk·Kasur·Akses 24 Jam Rp1.520.000 /bulan
Kost Beth Tipe A,Wonokromo,Putra,1500000,,,,76,,1,6,1,0,1,1,1,0,0,0,1,1,0,0,0,0,Mamikos,Dilihat 76 kali Putra Ikut Daftar Tunggu Kost Beth Tipe A Kecamatan Wonokromo K. Mandi Dalam·WiFi·AC·Kloset Duduk·Kasur·Akses 24 Jam Rp1.500.000 /bulan
Kost Ekslusif Manyar Rejo,Sukolilo,Campur,1750000,,,,130,,1,6,1,0,1,1,1,0,0,0,1,1,0,0,0,0,Mamikos,Dilihat 130 kali Campur Ikut Daftar Tunggu Kost Ekslusif Manyar Rejo Sukolilo K. Mandi Dalam·WiFi·AC·Kloset Duduk·Kasur·Akses 24 Jam Rp1.750.000 /bulan
Kost Unitomo Untag Premier Tipe A,Sukolilo,Putri,550000,,,,71,,1,4,0,0,0,1,1,0,0,0,1,1,0,0,0,0,Mamikos,Dilihat 71 kali Putri Ikut Daftar Tunggu Kost Unitomo Untag Premier Tipe A Sukolilo WiFi·Kloset Duduk·Kasur·Akses 24 Jam Rp550.000 /bulan
Kost Z Stay Tipe A,Wonokromo,Campur,1700000,,,,111,,1,5,1,0,1,0,1,0,0,0,1,1,0,0,0,0,Mamikos,Dilihat 111 kali Campur Ikut Daftar Tunggu Kost Z Stay Tipe A Wonokromo K. Mandi Dalam·AC·Kloset Duduk·Kasur·Akses 24 Jam Rp1.700.000 /bulan
Kost Beth Tipe C,Wonokromo,Putra,1200000,,,,,,1,5,1,0,1,1,0,0,0,0,1,1,0,0,0,0,Mamikos,Putra Ikut Daftar Tunggu Kost Beth Tipe C Kecamatan Wonokromo K. Mandi Dalam·WiFi·AC·Kloset Duduk·Akses 24 Jam Rp1.200.000 /bulan
Kost Ami Eksklusif,Gubeng,Putri,1100000,,,,282,,1,6,1,0,1,1,1,0,0,0,1,1,0,0,0,0,Mamikos,Dilihat 282 kali Putri Ikut Daftar Tunggu Kost Ami Eksklusif Kecamatan Gubeng K. Mandi Dalam·WiFi·AC·Kloset Duduk·Kasur·Akses 24 Jam Rp1.100.000 /bulan
Kost Cemerlang Manyar Indah 1,Sukolilo,Putri,1500000,,,,,,1,3,1,0,1,1,0,0,0,0,0,0,0,0,0,0,Mamikos,Putri Ikut Daftar Tunggu Kost Cemerlang Manyar Indah 1 Kecamatan Sukolilo K. Mandi Dalam·WiFi·AC Rp1.500.000 /bulan
Kost Beth Tipe B,Wonokromo,Putra,1400000,,,,,,1,6,1,0,1,1,1,0,0,0,1,1,0,0,0,0,Mamikos,Putra Ikut Daftar Tunggu Kost Beth Tipe B Kecamatan Wonokromo K. Mandi Dalam·WiFi·AC·Kloset Duduk·Kasur·Akses 24 Jam Rp1.400.000 /bulan
Kost Suma Tipe Balkon,Wonokromo,Putri,1500000,,,,,,1,5,0,0,1,1,1,0,0,0,1,1,0,0,0,0,Mamikos,Putri Ikut Daftar Tunggu Kost Suma Tipe Balkon Kecamatan Wonokromo WiFi·AC·Kloset Duduk·Kasur·Akses 24 Jam Rp1.500.000 /bulan
Kost Minimalist Tipe A,Sukolilo,Putri,1100000,,,,,,1,3,0,0,1,1,1,0,0,0,0,0,0,0,0,0,Mamikos,Putri Ikut Daftar Tunggu Kost Minimalist Tipe A Kecamatan Sukolilo WiFi·AC·Kasur Rp1.100.000 /bulan
Kost Achmad 1 Tipe Standar Non Ac,Wonocolo,Putra,800000,,,,500,,1,5,1,0,0,1,1,0,0,0,1,1,0,0,0,0,Mamikos,Dilihat 500+ kali Putra Ikut Daftar Tunggu Kost Achmad 1 Tipe Standar Non Ac Wonocolo K. Mandi Dalam·WiFi·Kloset Duduk·Kasur·Akses 24 Jam Rp800.000 /bulan
