nama_kost,lokasi,latitude,longitude,harga,jenis,rating,jumlah_ulasan,jumlah_dilihat,sisa_kamar,jumlah_fasilitas,ac,wifi,kmandi_dalam,lemari,meja_belajar,kasur,tv,pmotor,pmobil,sumber
Kost Tiara Sidosermo Tipe B,Wonocolo,,,1125000,Putri,,,500.0,,,,,,,,,,,,Mamikos
Kost Griya Ayu Baratajaya Tipe A,Gubeng,,,1525000,Putri,,,346.0,,,,,,,,,,,,Mamikos
Kost Tiara Sidosermo Tipe A,Wonocolo,,,1400000,Putri,,,500.0,,,,,,,,,,,,Mamikos
Kost Matra Ngagel Pucang Sewu,Gubeng,,,2515000,Campur,4.8,,500.0,2.0,,,,,,,,,,,Mamikos
Kost Griya Ayu Baratajaya Tipe B,Gubeng,,,1225000,Putri,,,500.0,2.0,,,,,,,,,,,Mamikos
Kost Mitra Jaya Bratang Tipe B,Wonokromo,,,632500,Putri,4.5,,500.0,,,,,,,,,,,,Mamikos
Kost Mitra Jaya Bratang Tipe A,Wonokromo,,,794500,Putri,4.8,,500.0,,,,,,,,,,,,Mamikos
Kost Onnie Rooms Tipe A,Sukolilo,,,2225000,Putri,,,222.0,,,,,,,,,,,,Mamikos
Kost Valentino Tipe B,Sukolilo,,,1550000,Putri,5.0,,,,,,,,,,,,,,Mamikos
Kost Tenggilis Mejoyo KH 14 Tipe A,Rungkut,,,1325000,Putra,4.8,,234.0,3.0,,,,,,,,,,,Mamikos
Kost Valentino Tipe A,Sukolilo,,,1800000,Putri,,,,,,,,,,,,,,,Mamikos
Kost Q Tipe A Sidosermo,Wonocolo,,,2025000,Campur,4.9,,,,,,,,,,,,,,Mamikos
Kost Hj Hasan Tipe B,Gubeng,,,1525000,Putri,5.0,,258.0,,,,,,,,,,,,Mamikos
Kost Valentino Tipe C,Sukolilo,,,1300000,Putri,5.0,,272.0,,,,,,,,,,,,Mamikos
Kost Q Tipe C Sidosermo,Wonocolo,,,1625000,Campur,4.9,,200.0,,,,,,,,,,,,Mamikos
Kost Q Tipe B Sidosermo,Wonocolo,,,1775000,Campur,4.9,,376.0,,,,,,,,,,,,Mamikos
Kost Arc Living Saptahary,Sukolilo,,,2000000,Putri,,,227.0,1.0,,,,,,,,,,,Mamikos
Kost Baratajaya Tipe Grand Deluxe,Gubeng,,,3000000,Putra,,,86.0,,,,,,,,,,,,Mamikos
Kost Untag Unitomo Tipe B,Sukolilo,,,1800000,Putri,,,65.0,1.0,,,,,,,,,,,Mamikos
Kost Asiyah 1 Tipe A,Sukolilo,,,860000,Putri,,,,1.0,,,,,,,,,,,Mamikos
Kost Aditya,Wonokromo,,,1000000,Putra,,,,2.0,,,,,,,,,,,Mamikos
Kost Hj Hasan Tipe A,Gubeng,,,1655000,Putri,4.9,,,,,,,,,,,,,,Mamikos
Kost ISTTS,Gubeng,,,1500000,Putra,,,315.0,1.0,,,,,,,,,,,Mamikos
Kost Mei,Gubeng,,,2500000,Campur,,,117.0,3.0,,,,,,,,,,,Mamikos
Kost Heinz Tipe Standar,Gubeng,,,650000,Putra,,,119.0,1.0,,,,,,,,,,,Mamikos
Kost Baratajaya Tipe Deluxe,Gubeng,,,2500000,Putra,,,,1.0,,,,,,,,,,,Mamikos
Kost Tunggal Jaya,Sukolilo,,,900000,Putri,,,,3.0,,,,,,,,,,,Mamikos
Kost Klapa Exclusive,Sukolilo,,,2300000,Putri,,,140.0,3.0,,,,,,,,,,,Mamikos
Kost Baratajaya Tipe Eksekutif Grand Deluxe,Gubeng,,,4000000,Putra,,,78.0,1.0,,,,,,,,,,,Mamikos
Kost Ibu Agus,Wonokromo,,,650000,Campur,,,,,,,,,,,,,,,Mamikos
Kost Umi Tipe A1,Sukolilo,,,1180000,Putri,,,,,,,,,,,,,,,Mamikos
Kost Nginden Tipe 1,Sukolilo,,,750000,Putri,,,30.0,1.0,,,,,,,,,,,Mamikos
Kost Eksekutif Novy Kamar Besar,Wonokromo,,,2000000,Campur,,,34.0,,,,,,,,,,,,Mamikos
Kost Suma Tipe Vip,Wonokromo,,,1500000,Putri,,,88.0,,,,,,,,,,,,Mamikos
Kost Priyanca Tipe Standar,Sukolilo,,,800000,Putra,,,,,,,,,,,,,,,Mamikos
Kost Sharleen Tipe Standar,Sukolilo,,,650000,Putra,,,,,,,,,,,,,,,Mamikos
Kost Bapak Aji,Tenggilis Mejoyo,,,650000,Putri,,,,,,,,,,,,,,,Mamikos
Kost Holistay 1 Tipe Superior,Sukolilo,,,1800000,Campur,5.0,,500.0,1.0,,,,,,,,,,,Mamikos
Kost Pumpungan IV 25 Deluxe 2,Sukolilo,,,975000,Putri,,,301.0,2.0,,,,,,,,,,,Mamikos
Kost Manyar Tipe B1,Sukolilo,,,3000000,Campur,,,177.0,,,,,,,,,,,,Mamikos
Kost Ngagel Tama 5153 Tipe B,Gubeng,,,1800000,Campur,,,384.0,,,,,,,,,,,,Mamikos
Kost Exclusive Graha Cipta Sidosermo Tipe A,Wonocolo,,,1502500,Putra,,,500.0,,,,,,,,,,,,Mamikos
Kost Premium,Wonokromo,,,1900000,Campur,,,146.0,1.0,,,,,,,,,,,Mamikos
Kost Pancasila Tipe A,Sukolilo,,,1400000,Putri,5.0,,174.0,1.0,,,,,,,,,,,Mamikos
Kost Gymbrader Inn Tipe Standart Premium Deluxe,Wonocolo,,,1700000,Campur,,,278.0,,,,,,,,,,,,Mamikos
Kost Bing Cen,Gubeng,,,1400000,Campur,,,354.0,,,,,,,,,,,,Mamikos
Kost Fadilla Tipe A,Rungkut,,,650000,Putri,,,401.0,,,,,,,,,,,,Mamikos
Kost Jack And Jill Executive,Rungkut,,,1650000,Campur,,,358.0,2.0,,,,,,,,,,,Mamikos
Kost Denaya Vip,Gubeng,,,2000000,Campur,,,500.0,2.0,,,,,,,,,,,Mamikos
Kost Nginden Intan Tipe Executive,Sukolilo,,,2200000,Campur,4.4,,123.0,,,,,,,,,,,,Mamikos
Kost Nginden Intan Tipe Vip,Sukolilo,,,2200000,Campur,,,197.0,,,,,,,,,,,,Mamikos
Kost Syariah Kurnia Tipe Standar,Sukolilo,,,680000,Putri,,,365.0,,,,,,,,,,,,Mamikos
Kost Graha Aashritha 1,Sukolilo,,,3250000,Campur,,,255.0,1.0,,,,,,,,,,,Mamikos
Kost Ucik Nginden Tengah,Sukolilo,,,1250000,Putra,,,245.0,1.0,,,,,,,,,,,Mamikos
Kost Ucik,Sukolilo,,,1300000,Putri,,,128.0,2.0,,,,,,,,,,,Mamikos
Kost Bungtomo11,Gubeng,,,1300000,Campur,,,500.0,1.0,,,,,,,,,,,Mamikos
Kost Prapen Indah Tipe Eksekutif,Tenggilis Mejoyo,,,3000000,Campur,,,,1.0,,,,,,,,,,,Mamikos
Kost Kamda BMU Tipe A,Wonocolo,,,1900000,Putri,,,109.0,1.0,,,,,,,,,,,Mamikos
Kost Manyar Tipe A,Sukolilo,,,3000000,Campur,,,,,,,,,,,,,,,Mamikos
Kost Omah Ndoro Syariah Superior,Sukolilo,,,2300000,Campur,,,208.0,,,,,,,,,,,,Mamikos
Kost Untag Tipe Standar,Sukolilo,,,800000,Putri,,,62.0,2.0,,,,,,,,,,,Mamikos
Kost Adem Ayem Tipe Standar,Wonokromo,,,600000,Putri,,,177.0,2.0,,,,,,,,,,,Mamikos
Kost Pancasila Tipe B,Sukolilo,,,1250000,Putri,,,147.0,1.0,,,,,,,,,,,Mamikos
Kost Griya Suya Tipe Standard Non Ac,Sukolilo,,,900000,Putri,,,339.0,3.0,,,,,,,,,,,Mamikos
Kost Jnj Living Tipe Eksklusif,Rungkut,,,1850000,Campur,,,108.0,,,,,,,,,,,,Mamikos
Kost Pumpungan IV Tipe Premium A,Sukolilo,,,975000,Putri,,,296.0,1.0,,,,,,,,,,,Mamikos
Kost Jnj Living Rs Ubaya Tipe Ekslusif,Rungkut,,,1850000,Campur,,,205.0,,,,,,,,,,,,Mamikos
Kost J&j Living Tipe Eksklusif,Rungkut,,,1850000,Campur,,,74.0,,,,,,,,,,,,Mamikos
Kost Semolowaru Praja Tipe A,Sukolilo,,,950000,Putri,,,101.0,1.0,,,,,,,,,,,Mamikos
Kost Asiyah 1 Tipe B,Sukolilo,,,825000,Putri,,,,1.0,,,,,,,,,,,Mamikos
Kost Manyar Rejo I Tipe A,Sukolilo,,,1200000,Putri,,,405.0,2.0,,,,,,,,,,,Mamikos
Kost Pumpungan IV 25 Tipe Mantap,Sukolilo,,,775000,Putri,,,361.0,2.0,,,,,,,,,,,Mamikos
Kost Dwi Aningsih Tipe A,Tenggilis Mejoyo,,,575000,Putri,,,281.0,1.0,,,,,,,,,,,Mamikos
Kost Praja III Tipe A,Sukolilo,,,1400000,Putri,,,,1.0,,,,,,,,,,,Mamikos
Kost Cendana Standart,Wonokromo,,,900000,Putri,,,500.0,3.0,,,,,,,,,,,Mamikos
Kost De Luma Residence Standard,Tenggilis Mejoyo,,,1200000,Campur,,,500.0,,,,,,,,,,,,Mamikos
Kost Manyar Tipe Premium A,Sukolilo,,,1300000,Putri,,,,2.0,,,,,,,,,,,Mamikos
Kost Mono,Sukolilo,,,2000000,Putri,,,152.0,1.0,,,,,,,,,,,Mamikos
Kost Holistay 1 Deluxe,Sukolilo,,,2300000,Campur,,,180.0,1.0,,,,,,,,,,,Mamikos
Kost Rumah Berkah,Wonokromo,,,700000,Putri,,,500.0,1.0,,,,,,,,,,,Mamikos
Kost Asiyah 1 Tipe C,Sukolilo,,,675000,Putri,,,77.0,1.0,,,,,,,,,,,Mamikos
Kost Bu Dewi Reformasi Tipe A,Tenggilis Mejoyo,,,600000,Putri,,,254.0,1.0,,,,,,,,,,,Mamikos
Kost Pumpungan IV 25 Deluxe Plus,Sukolilo,,,1300000,Putri,,,207.0,1.0,,,,,,,,,,,Mamikos
Kost Exclusive Graha Cipta Sidosermo Tipe B,Wonocolo,,,1702500,Campur,,,304.0,1.0,,,,,,,,,,,Mamikos
Kost Pumpungan IV Tipe Standar,Sukolilo,,,680000,Putri,,,130.0,1.0,,,,,,,,,,,Mamikos
Kost Sidosermo Indah Residence,Wonocolo,,,2500000,Campur,,,,1.0,,,,,,,,,,,Mamikos
Kost Njt Tipe Eksklusif,Gubeng,,,1750000,Campur,,,292.0,,,,,,,,,,,,Mamikos
Kost Graha Wasana Tipe Eksekutif,Gubeng,,,1500010,Putri,,,401.0,,,,,,,,,,,,Mamikos
Kost Namira Tipe A,Sukolilo,,,1300000,Putri,5.0,,172.0,,,,,,,,,,,,Mamikos
Kost Bhinneka Ngagel Tipe C,Wonokromo,,,1400000,Campur,,,198.0,2.0,,,,,,,,,,,Mamikos
Kost Untag Unitomo Tipe A,Sukolilo,,,1400000,Putri,,,,,,,,,,,,,,,Mamikos
Kost Semolowaru Praja Tipe B1,Sukolilo,,,1400000,Putri,,,,,,,,,,,,,,,Mamikos
Kost Sidosermo Indah Residence B2,Wonocolo,,,1800000,Campur,,,,,,,,,,,,,,,Mamikos
Kost Kibar 43 Tipe A Ngagel Mulyo,Wonokromo,,,1000000,Putri,5.0,,,,,,,,,,,,,,Mamikos
Kost Ruma Asta,Gubeng,,,950000,Putri,,,121.0,,,,,,,,,,,,Mamikos
Kost Kamda BMU Tipe B AC,Wonocolo,,,1700000,Putri,,,,,,,,,,,,,,,Mamikos
Kost Elite Nginden Tengah,Sukolilo,,,1400000,Putra,,,,,,,,,,,,,,,Mamikos
Kost Bu Dewi Reformasi Tipe B,Tenggilis Mejoyo,,,575000,Putri,,,205.0,,,,,,,,,,,,Mamikos
Kost Bu Nuryatin Tipe Standart,Sukolilo,,,500000,Putra,,,115.0,2.0,,,,,,,,,,,Mamikos
Kost Bu Yana Vvip 1,Gubeng,,,1200000,Putra,,,,,,,,,,,,,,,Mamikos
Kost Keluarga Tipe A,Sukolilo,,,1550000,Campur,,,,,,,,,,,,,,,Mamikos
Kost Bu Siti UNTAG Tipe Standar,Sukolilo,,,600000,Campur,,,500.0,,,,,,,,,,,,Mamikos
Kost Holistay 1 Standard,Sukolilo,,,1600000,Campur,,,90.0,,,,,,,,,,,,Mamikos
Kost Pancasila Tipe C,Sukolilo,,,800000,Putri,,,,,,,,,,,,,,,Mamikos
Kost Bratang Gede 6E Tipe B,Wonokromo,,,1200000,Putri,,,67.0,,,,,,,,,,,,Mamikos
Kost Ferkyta Tipe A,Wonokromo,,,1100000,Putra,5.0,,123.0,,,,,,,,,,,,Mamikos
Kost Manyar Tipe B,Sukolilo,,,700000,Putri,,,,,,,,,,,,,,,Mamikos
Kost Holistay 1 Superior B,Sukolilo,,,1700000,Campur,,,,,,,,,,,,,,,Mamikos
Kost Bu Yana Vvip,Gubeng,,,1400000,Campur,,,57.0,,,,,,,,,,,,Mamikos
Kost Semolowaru Praja Tipe Ac Reguler Lt 2,Sukolilo,,,1400000,Putri,,,,,,,,,,,,,,,Mamikos
Kost Minimalist Tipe B,Sukolilo,,,750000,Putri,,,86.0,1.0,,,,,,,,,,,Mamikos
Kost Pumpungan IV 25 Tipe Studio,Sukolilo,,,1500001,Putri,,,,,,,,,,,,,,,Mamikos
Kost Krukah 1 Tipe A,Gubeng,,,500000,Putri,,,240.0,,,,,,,,,,,,Mamikos
Kost Sone Laundry Tipe C,Sukolilo,,,800000,Putra,,,70.0,,,,,,,,,,,,Mamikos
Kost Semolowaru Praja Tipe Ac Kmd,Sukolilo,,,1550000,Putri,,,,,,,,,,,,,,,Mamikos
Kost Griya Suya Tipe Premium Ac,Sukolilo,,,1200000,Putri,,,,,,,,,,,,,,,Mamikos
Kost Mi Casa Tipe B,Wonokromo,,,750000,Putra,,,339.0,,,,,,,,,,,,Mamikos
Kost Kibar 43 Tipe B,Wonokromo,,,1400000,Putri,,,63.0,,,,,,,,,,,,Mamikos
Kost IV Tipe B,Sukolilo,,,750000,Putri,,,,,,,,,,,,,,,Mamikos
Kost Bu Yana Tipe A,Gubeng,,,1400000,Campur,,,,,,,,,,,,,,,Mamikos
Kost La Koste Unair 26 Tipe A,Gubeng,,,1950000,Putra,,,228.0,,,,,,,,,,,,Mamikos
Kost Bu Yana VVIP 3,Gubeng,,,1200000,Putra,,,109.0,,,,,,,,,,,,Mamikos
Kost Hijau Bu Made,Wonokromo,,,900001,Putri,,,493.0,,,,,,,,,,,,Mamikos
Kost Sone Laundry Tipe A,Sukolilo,,,1400000,Putra,,,234.0,,,,,,,,,,,,Mamikos
Kost Ferkyta Tipe B,Wonokromo,,,1000000,Putra,5.0,,,,,,,,,,,,,,Mamikos
Kost Bu Sulimah,Sukolilo,,,450000,Putra,,,,,,,,,,,,,,,Mamikos
Kost Pumpungan IV 25 Deluxe,Sukolilo,,,1000000,Putri,,,,,,,,,,,,,,,Mamikos
Kost Bapak Eko Dan Bu Gendut,Gubeng,,,900000,Campur,,,,1.0,,,,,,,,,,,Mamikos
Kost Edu 3 Executive,Gubeng,,,1300000,Putri,,,,,,,,,,,,,,,Mamikos
Kost Bratang Gede 6D,Wonokromo,,,980000,Putri,4.0,,92.0,,,,,,,,,,,,Mamikos
Kost Mommy,Rungkut,,,1000000,Putra,5.0,,203.0,,,,,,,,,,,,Mamikos
Kost Novan 12,Gubeng,,,1500000,Putra,,,296.0,,,,,,,,,,,,Mamikos
Kost Pumpungan IV 25 Tipe Mantap Jiwa,Sukolilo,,,975000,Putri,,,,,,,,,,,,,,,Mamikos
Kost Bhinneka Ngagel Tipe D,Wonokromo,,,1300000,Campur,,,325.0,1.0,,,,,,,,,,,Mamikos
Kost Novan G1,Tenggilis Mejoyo,,,1050000,Putra,4.4,,79.0,,,,,,,,,,,,Mamikos
Kost Bratang Gede 6E Tipe 1,Wonokromo,,,1300000,Putri,5.0,,220.0,,,,,,,,,,,,Mamikos
Kost Pumpungan IV Tipe Premium B,Sukolilo,,,775000,Putri,,,,,,,,,,,,,,,Mamikos
Kost Kamda BMU Tipe A Standart Balcony,Wonocolo,,,2400000,Putri,,,,,,,,,,,,,,,Mamikos
Kost Ubaya Mega,Rungkut,,,1000000,Campur,,,500.0,,,,,,,,,,,,Mamikos
Kost BMU 834 Tipe A,Wonocolo,,,1500000,Putri,,,,,,,,,,,,,,,Mamikos
Kost Edu Baratajaya,Gubeng,,,1200000,Putri,,,,,,,,,,,,,,,Mamikos
Kost Yura Tipe Vip,Wonokromo,,,1500000,Campur,,,421.0,2.0,,,,,,,,,,,Mamikos
Kost Risnoe Tipe A,Wonokromo,,,575000,Putra,,,210.0,,,,,,,,,,,,Mamikos
Kost Executive Tipe A,Wonocolo,,,1100000,Campur,,,222.0,,,,,,,,,,,,Mamikos
Kost Warata,Wonokromo,,,1100000,Putra,4.6,,64.0,,,,,,,,,,,,Mamikos
Kost Harmoni Nusantara,Wonokromo,,,1000000,Putri,,,144.0,,,,,,,,,,,,Mamikos
Kost Jl Ngagel Jaya Tengah Tipe A,Gubeng,,,1150000,Campur,,,143.0,,,,,,,,,,,,Mamikos
Kost Pink Nginden II Tipe C,Sukolilo,,,550000,Putri,,,61.0,,,,,,,,,,,,Mamikos
Kost Razky Tipe A,Sukolilo,,,800000,Putra,,,80.0,,,,,,,,,,,,Mamikos
Kost Arunala Co Living Tipe A,Wonocolo,,,1700000,Putri,,,80.0,,,,,,,,,,,,Mamikos
Kost Amanah Ngagel Wasana Tipe C,Gubeng,,,1000000,Putra,,,,,,,,,,,,,,,Mamikos
Kost Kusuma Bratang Gede VI Tipe A,Wonokromo,,,1800000,Campur,,,80.0,,,,,,,,,,,,Mamikos
Kost Umar,Sukolilo,,,600000,Putri,,,360.0,,,,,,,,,,,,Mamikos
Kost Amanah Ngagal Wasana Tipe A,Gubeng,,,600000,Putra,,,,,,,,,,,,,,,Mamikos
Kost Eksklusif Ngagel Tipe D,Wonokromo,,,2300000,Campur,,,102.0,,,,,,,,,,,,Mamikos
Kost Jl Ngagel Jaya Tengah Tipe B,Gubeng,,,852000,Campur,,,72.0,,,,,,,,,,,,Mamikos
Kost Arunala Co Living Tipe B,Wonocolo,,,1900000,Putri,,,,,,,,,,,,,,,Mamikos
Kost Beth Tipe D,Wonokromo,,,1100000,Putra,,,72.0,,,,,,,,,,,,Mamikos
Kost Ngagel Jaya Tengah Tipe C2,Gubeng,,,900000,Campur,,,134.0,,,,,,,,,,,,Mamikos
Kost Bu Wati Tipe Comfort,Gubeng,,,1350000,Campur,4.4,,500.0,2.0,,,,,,,,,,,Mamikos
Kost Panjang Jiwo Permai,Tenggilis Mejoyo,,,850000,Putri,,,410.0,3.0,,,,,,,,,,,Mamikos
Kost Sidosermo 1,Wonocolo,,,1050000,Putri,,,347.0,1.0,,,,,,,,,,,Mamikos
Kost Barata Jaya 33 Tipe A,Gubeng,,,550000,Putri,,,92.0,2.0,,,,,,,,,,,Mamikos
Kost Bu Noer,Wonokromo,,,350000,Putra,,,500.0,1.0,,,,,,,,,,,Mamikos
Kost Ngagel Madya I,Gubeng,,,1500000,Putra,,,456.0,1.0,,,,,,,,,,,Mamikos
Kost HJM Eksklusif,Wonokromo,,,1400000,Putra,,,109.0,1.0,,,,,,,,,,,Mamikos
Kost Barata Jaya 1C,Gubeng,,,1500000,Putra,,,107.0,1.0,,,,,,,,,,,Mamikos
Kost Pandega Citrabangsa Tipe Biasa,Sukolilo,,,500000,Putri,,,500.0,,,,,,,,,,,,Mamikos
Kost Luxury Graha Indah Tipe Executive,Wonokromo,,,1700000,Campur,,,404.0,,,,,,,,,,,,Mamikos
Kost Hana Tipe A,Tenggilis Mejoyo,,,950000,Putri,,,193.0,,,,,,,,,,,,Mamikos
Kost Pumpungan,Sukolilo,,,725000,Putri,,,257.0,2.0,,,,,,,,,,,Mamikos
Kost Nginden Intan Utara Tipe A,Sukolilo,,,800000,Campur,,,308.0,,,,,,,,,,,,Mamikos
Kost Ngagel Vl,Gubeng,,,1300000,Putri,,,485.0,1.0,,,,,,,,,,,Mamikos
Kost Tesere Manyar Indah,Sukolilo,,,1675000,Putri,,,126.0,,,,,,,,,,,,Mamikos
Kost Eko,Sukolilo,,,575000,Putri,,,,3.0,,,,,,,,,,,Mamikos
Kost Achmad Raihan Tipe Ac,Wonokromo,,,1000000,Putri,,,336.0,1.0,,,,,,,,,,,Mamikos
Kost Raudhah In Tipe 3,Wonokromo,,,1500000,Putri,,,198.0,1.0,,,,,,,,,,,Mamikos
Kost Brajarani Lima Sepuluh Tipe A,Gubeng,,,1300000,Putri,,,80.0,1.0,,,,,,,,,,,Mamikos
Kost Dede Executive,Wonokromo,,,1550000,Putri,,,462.0,1.0,,,,,,,,,,,Mamikos
Kost Hakare Bendul Tipe Standart,Wonocolo,,,2000000,Campur,,,,1.0,,,,,,,,,,,Mamikos
Kost Hakare Bendul Tipe Standar,Wonocolo,,,1600000,Campur,,,186.0,3.0,,,,,,,,,,,Mamikos
Kost Nginden Intan Utara Tipe Tertib,Sukolilo,,,753000,Campur,,,500.0,,,,,,,,,,,,Mamikos
Kost Amanah Ngagal Wasana Tipe B,Gubeng,,,650000,Putra,5.0,,147.0,1.0,,,,,,,,,,,Mamikos
Kost Bratang Tipe B,Wonokromo,,,725000,Putri,5.0,,128.0,1.0,,,,,,,,,,,Mamikos
Kost Ladeaa 776 Tipe Standar,Wonokromo,,,1500000,Putra,,,77.0,1.0,,,,,,,,,,,Mamikos
Kost Pink Nginden II Tipe Non Ac,Sukolilo,,,650000,Putri,,,149.0,1.0,,,,,,,,,,,Mamikos
Kost Exclusive Arya House Tipe Standart,Sukolilo,,,1000000,Putra,,,112.0,2.0,,,,,,,,,,,Mamikos
Kost Lapak Tantri,Wonokromo,,,725000,Putri,,,237.0,1.0,,,,,,,,,,,Mamikos
Kost Mommy Tipe B,Rungkut,,,1400000,Putra,,,65.0,2.0,,,,,,,,,,,Mamikos
Kost Bhinneka Ngagel Tipe B,Wonokromo,,,2100000,Campur,,,205.0,2.0,,,,,,,,,,,Mamikos
Kost Sedulur Nginden Tipe Standar,Sukolilo,,,1000000,Putra,,,,,,,,,,,,,,,Mamikos
Kost Bu Lestari,Wonokromo,,,1400000,Putri,5.0,,79.0,1.0,,,,,,,,,,,Mamikos
Kost Komfee Living,Gubeng,,,2200000,Campur,,,173.0,2.0,,,,,,,,,,,Mamikos
Kost Hakare Bendul Tipe Mezanin,Wonocolo,,,2000000,Campur,,,138.0,3.0,,,,,,,,,,,Mamikos
Kost Ngagel Krukah Bratang,Wonokromo,,,750000,Putri,,,131.0,2.0,,,,,,,,,,,Mamikos
Kost Suma Tipe B,Wonokromo,,,1100000,Putri,,,183.0,1.0,,,,,,,,,,,Mamikos
Kost Pink Nginden Tipe Non Ac,Sukolilo,,,750000,Putri,,,150.0,1.0,,,,,,,,,,,Mamikos
Kost JS 12,Wonokromo,,,600000,Putra,,,215.0,1.0,,,,,,,,,,,Mamikos
Kost Lazarus Eksekutif,Sukolilo,,,1500000,Putri,,,158.0,,,,,,,,,,,,Mamikos
Kost Palma VVIP,Wonokromo,,,1600000,Campur,,,306.0,1.0,,,,,,,,,,,Mamikos
Kost Ngagel Mulya,Wonokromo,,,750000,Putra,,,500.0,1.0,,,,,,,,,,,Mamikos
Kost Rafiasha,Sukolilo,,,800000,Putri,,,,3.0,,,,,,,,,,,Mamikos
Kost Pink Nginden II Tipe Ac,Sukolilo,,,900000,Putri,,,77.0,1.0,,,,,,,,,,,Mamikos
Kost Talia Tipe A,Gubeng,,,900000,Putri,,,155.0,1.0,,,,,,,,,,,Mamikos
Kost Hosana Tipe Ac,Wonokromo,,,1800000,Putri,5.0,,167.0,2.0,,,,,,,,,,,Mamikos
Kost Talia Tipe B,Gubeng,,,925000,Putri,,,61.0,1.0,,,,,,,,,,,Mamikos
Kost Z Stay Tipe B,Wonokromo,,,1700123,Campur,,,271.0,1.0,,,,,,,,,,,Mamikos
Kost 3 Tingkat Tertib Bersih Nginden Tipe A,Sukolilo,,,803000,Campur,,,135.0,,,,,,,,,,,,Mamikos
Kost Misdi Ceria Tipe A,Gubeng,,,800000,Putri,,,372.0,2.0,,,,,,,,,,,Mamikos
Kost Bu Tutik Bratang,Gubeng,,,700000,Putri,,,308.0,2.0,,,,,,,,,,,Mamikos
Kost Hakare Bendul Tipe Standar 1,Wonocolo,,,2300000,Campur,,,,1.0,,,,,,,,,,,Mamikos
Kost Raudhah In,Wonokromo,,,1500000,Putri,,,268.0,1.0,,,,,,,,,,,Mamikos
Kost Raudhah In Tipe Lantai 1,Wonokromo,,,1500000,Putri,,,338.0,1.0,,,,,,,,,,,Mamikos
Kost Krukah,Wonokromo,,,700000,Putra,,,,,,,,,,,,,,,Mamikos
Kost Jl Ngagel Jaya Tengah Tipe C,Gubeng,,,1000000,Campur,,,194.0,,,,,,,,,,,,Mamikos
Kost Siti Zubaidah Tipe A,Sukolilo,,,450000,Putri,,,288.0,,,,,,,,,,,,Mamikos
Kost Asri Tipe Standar,Gubeng,,,700000,Putri,,,137.0,,,,,,,,,,,,Mamikos
Kost Griya Wigu 1,Wonokromo,,,1750000,Putri,,,101.0,,,,,,,,,,,,Mamikos
Kost Minimalist Tipe C,Sukolilo,,,650000,Putri,,,,,,,,,,,,,,,Mamikos
Kost Desta Tipe Standart,Wonokromo,,,650000,Putra,,,443.0,,,,,,,,,,,,Mamikos
Kost Sidosermo,Wonocolo,,,1050000,Putra,,,167.0,,,,,,,,,,,,Mamikos
Kost Tutik Mirawati Tipe A,Sukolilo,,,700000,Putra,5.0,,86.0,,,,,,,,,,,,Mamikos
Kost Haifa Manyar Indah,Sukolilo,,,1600000,Putri,,,,,,,,,,,,,,,Mamikos
Kost Achmad Raihan Tipe Non Ac,Wonokromo,,,650000,Putra,,,340.0,,,,,,,,,,,,Mamikos
Kost Zstay,Wonokromo,,,1900000,Campur,,,121.0,,,,,,,,,,,,Mamikos
Kost Minimalist Tipe D,Sukolilo,,,625000,Putri,,,,,,,,,,,,,,,Mamikos
Kost Nestay Living Deluxe,Sukolilo,,,2300000,Putri,,,,,,,,,,,,,,,Mamikos
Kost Bhinneka Ngagel Tipe A Non Ac,Wonokromo,,,1400000,Campur,,,204.0,,,,,,,,,,,,Mamikos
Kost Cemerlang,Sukolilo,,,1520000,Putri,,,73.0,,,,,,,,,,,,Mamikos
Kost Beth Tipe A,Wonokromo,,,1500000,Putra,,,76.0,,,,,,,,,,,,Mamikos
Kost Ekslusif Manyar Rejo,Sukolilo,,,1750000,Campur,,,130.0,,,,,,,,,,,,Mamikos
Kost Unitomo Untag Premier Tipe A,Sukolilo,,,550000,Putri,,,71.0,,,,,,,,,,,,Mamikos
Kost Z Stay Tipe A,Wonokromo,,,1700000,Campur,,,111.0,,,,,,,,,,,,Mamikos
Kost Beth Tipe C,Wonokromo,,,1200000,Putra,,,,,,,,,,,,,,,Mamikos
Kost Ami Eksklusif,Gubeng,,,1100000,Putri,,,282.0,,,,,,,,,,,,Mamikos
Kost Cemerlang Manyar Indah 1,Sukolilo,,,1500000,Putri,,,,,,,,,,,,,,,Mamikos
Kost Beth Tipe B,Wonokromo,,,1400000,Putra,,,,,,,,,,,,,,,Mamikos
Kost Suma Tipe Balkon,Wonokromo,,,1500000,Putri,,,,,,,,,,,,,,,Mamikos
Kost Minimalist Tipe A,Sukolilo,,,1100000,Putri,,,,,,,,,,,,,,,Mamikos
Kost Achmad 1 Tipe Standar Non Ac,Wonocolo,,,800000,Putra,,,500.0,,,,,,,,,,,,Mamikos
Kost pasutri kutisari utara 5 no 9,Kutisari Surabaya,-7.33213,112.74381,600000,campur,,0,6442.0,10.0,3,0,1,1,0,0,0,0,1,0,Papikost
Kost Putri Dafin Didi Gubeng Surabaya,Mojo Surabaya,-7.26968548,112.759864,700000,putri,,0,3780.0,7.0,5,0,1,0,1,1,1,0,1,0,Papikost
Kos omah lawas,Baratajaya Surabaya,-7.296959175631529,112.7570863609958,800000,campur,,0,2307.0,2.0,7,1,1,0,1,1,1,0,1,1,Papikost
Bobo Studio,DR. Soetomo Surabaya,-7.276182446295405,112.73354329168797,1750000,campur,,0,2163.0,10.0,9,1,1,1,1,1,1,1,1,1,Papikost
Kost Pria Sederhana Surabaya,Kalirungkut Surabaya,-7.32181509548724,112.7630613068868,700000,putra,,0,1981.0,8.0,5,0,1,0,1,1,1,0,1,0,Papikost
Kos murah laki di daerah strategis merr rungkut,Kedung Baruk Surabaya,-7.318104905809466,112.78180360794067,750000,putra,,0,1324.0,2.0,1,0,0,0,0,0,1,0,0,0,Papikost
Kost Putri Rungkut Asri,Kalirungkut Surabaya,-7.326843,112.776241,800000,putri,,0,1292.0,10.0,6,0,1,0,1,1,1,0,1,1,Papikost
Kost Putri Bu Ratna,Lontar Surabaya,-7.2819604114359375,112.67427653074265,600000,putri,,0,1240.0,3.0,3,0,0,0,1,0,1,0,1,0,Papikost
"Kos Putri Bersih dan Nyaman ( Lakarsantri, Sby Barat)",Jeruk Surabaya,-7.303908,112.646734,800000,putri,,0,1228.0,4.0,4,0,0,1,1,0,1,0,1,0,Papikost
Kamar Kost HS,Bendul Merisi Surabaya,-7.310097460967134,112.74150609970091,800000,putra,,0,1066.0,6.0,5,0,1,1,1,0,1,0,1,0,Papikost
Behomy Cozynest Gayungsari,Gayungan Ketintang Surabaya,-7.3358512,112.7182307,2300000,campur,,0,1052.0,9.0,8,0,1,1,1,1,1,1,1,1,Papikost
Kos D8,Siwalan Kerto Surabaya,-7.3421729,112.736717,1500000,campur,,0,814.0,10.0,9,1,1,1,1,1,1,1,1,1,Papikost
Tipe Premium A,Menur Pumpungan Surabaya,-7.2983632,112.763602,900000,putri,,0,705.0,1.0,5,1,1,0,1,1,0,0,1,0,Papikost
Tipe Standar A,Menur Pumpungan Surabaya,-7.2983632,112.763602,600000,putri,,0,685.0,3.0,5,0,1,0,1,1,1,0,1,0,Papikost
Kos Putri dekat PTC,Jeruk Surabaya,-7.303908,112.646734,800000,putri,,0,632.0,4.0,4,0,0,1,1,0,1,0,1,0,Papikost
Kost Hera Surabaya,Petemon Surabaya,-7.26374458698596,112.7240894437,500000,putri,,0,628.0,3.0,4,0,1,0,0,0,1,0,1,1,Papikost
Tipe Premium B,Menur Pumpungan Surabaya,-7.2983632,112.763602,700000,putri,,0,609.0,2.0,5,0,1,0,1,1,1,0,1,0,Papikost
Kost Casa Sevilla Hunian Ternyaman,Jemur Wonosari Surabaya,-7.3283564,112.7348616,1500000,campur,,0,586.0,10.0,9,1,1,1,1,1,1,1,1,1,Papikost
Kos bu Made,Airlangga Surabaya,-7.27838857475168,112.76000797748566,1200000,putra,,0,549.0,1.0,6,1,1,0,1,1,1,0,1,0,Papikost
Kos Bu Sri Kamar A,Medokan Ayu Surabaya,-7.3322688,112.7962218,1000000,putri,,0,548.0,2.0,6,1,1,0,1,0,1,0,1,1,Papikost
Kost Putra Athar's,Gunung Anyar Tambak Surabaya,-7.335223,112.809624,1000000,putra,,0,501.0,3.0,5,0,1,0,1,1,1,0,1,0,Papikost
Kost Putri Kutisari SIER Tenggilis,Kutisari Surabaya,-7.333773294687014,112.74722036338972,1300000,putri,,0,407.0,6.0,8,1,1,1,1,1,1,0,1,1,Papikost
Kost Andy Sambo,Medokan Ayu Surabaya,-7.328018311977341,112.79662093676508,1000000,putra,,0,380.0,10.0,6,1,1,1,1,0,1,0,1,0,Papikost
Kost Baru Merr Boulevard,Penjaringan Sari Surabaya,-7.323061661777231,112.78377127640852,1300000,putra,,0,329.0,4.0,7,1,1,0,1,1,1,0,1,1,Papikost
Kost Mahasiswi Rungkut Gunung Anyar Surabaya,Rungkut Menanggal Surabaya,-7.3353585608627965,112.77542352670936,800000,putri,,0,327.0,4.0,5,0,1,0,1,1,1,0,1,0,Papikost
Pastelle Premium Kost,Kalisari Surabaya,-7.265486224964494,112.79544462757484,2750000,putra,,0,313.0,10.0,9,1,1,1,1,1,1,1,1,1,Papikost
7 Eden Kos Pria Manyar Jaya,Menur Pumpungan Surabaya,-7.297024793336967,112.77231395244598,1000000,putra,,0,274.0,10.0,6,1,1,0,1,1,1,0,1,0,Papikost
Kamar Deluxe,Menur Pumpungan Surabaya,-7.2983632,112.763602,950000,putri,,0,269.0,1.0,7,1,1,1,1,1,1,0,1,0,Papikost
Alsi Home Surabaya,Semolowaru Surabaya,-7.2999787,112.7718391,1900000,putra,,0,266.0,4.0,7,1,1,1,0,1,1,0,1,1,Papikost
Kost Kamar Besar dan Homy Tenggilis,Tengilis Mejoyo Surabaya,-7.318893216952698,112.7568680641707,2300000,campur,,0,264.0,10.0,9,1,1,1,1,1,1,1,1,1,Papikost
Pondok Alfi,Menur Pumpungan Surabaya,-7.295116,112.7618451,1700000,campur,,0,258.0,10.0,9,1,1,1,1,1,1,1,1,1,Papikost
Kamar Mawar,Gayungan Ketintang Surabaya,-7.3219777714724765,112.72587954998016,2500000,putra,,0,207.0,5.0,7,1,1,1,1,0,1,0,1,1,Papikost
Alsi Kos Surabaya,Semolowaru Surabaya,-7.2999787,112.7718391,2000000,putri,,0,194.0,6.0,9,1,1,1,1,1,1,1,1,1,Papikost
Emerald guesthouse Klampis Surabaya,Klampis Ngasem Surabaya,-7.291026,112.776156,1950000,campur,,0,194.0,4.0,9,1,1,1,1,1,1,1,1,1,Papikost
House of Felix - Kamar Standard,Kupang Krajan Surabaya,-7.2676446,112.63691,1850000,campur,,0,169.0,5.0,9,1,1,1,1,1,1,1,1,1,Papikost
kost ibu mul,Airlangga Surabaya,-7.2751055,112.7558009,125000,putri,,0,160.0,5.0,5,1,1,0,1,0,1,0,1,0,Papikost
Jaya Kost Gubeng Kertajaya 1,Gubeng Surabaya,-7.2760394696824,112.75116473436356,900000,putra,,0,159.0,4.0,6,1,1,0,1,1,1,0,1,0,Papikost
Amarta Habitat Tipe Comfort,Medokan Ayu Surabaya,-7.3304388,112.7968705,1500000,putra,,0,147.0,2.0,1,0,0,0,0,0,1,0,0,0,Papikost
Kost Putri Home Sweet Home Semolowaru Surabaya Timur,Semolowaru Surabaya,-7.3053171,112.7743487,1500000,putri,,0,130.0,9.0,7,1,1,0,1,1,1,0,1,1,Papikost
KOST PUTRI 415,Panjang Jiwo Surabaya,-7.312439382988887,112.76453554630278,1500000,putri,,0,119.0,4.0,8,1,1,1,1,1,1,0,1,1,Papikost
Kamar AC &amp; NON AC,Ngenden Jangkungan Surabaya,-7.302205,112.766977,1000000,putri,,0,116.0,3.0,6,1,1,0,1,1,1,0,1,0,Papikost
KAYLA KOST PUTRI / MAHASISWI,Kalisari Surabaya,-7.2716888,112.804311,2000000,putri,,0,109.0,6.0,8,1,1,1,1,1,1,0,1,1,Papikost
Kos Putri Sekar Arum dekat Unair,Pacarkembang Surabaya,-7.263025029536,112.76396814734426,1300000,putri,,0,109.0,9.0,7,1,1,1,1,1,1,0,1,0,Papikost
Cozy One Bedroom Citraland near Universitas Ciputra,Sambikerep Surabaya,-7.274451581264419,112.6499354839325,2700000,putra,,0,105.0,1.0,1,0,0,0,0,0,1,0,0,0,Papikost
Onnie Room,Menur Pumpungan Surabaya,-7.295142246175472,112.76799157261848,2500000,putri,,0,95.0,10.0,8,1,1,1,1,1,1,0,1,1,Papikost
Kos bu liyatin,Made Surabaya,-7.279964351879207,112.62778043746948,1200000,putri,,0,94.0,8.0,8,1,1,1,1,1,1,0,1,1,Papikost
Kamar Anggrek,Gayungan Ketintang Surabaya,-7.3219777714724765,112.72587954998016,2500000,putra,,0,77.0,5.0,7,1,1,1,1,0,1,0,1,1,Papikost
Standar Room,Kupang Krajan Surabaya,-7.271993161725186,112.72672444581984,1600000,campur,,0,74.0,6.0,7,1,1,1,1,0,1,0,1,1,Papikost
Metaverse Kost (Basic Room),Rungkut Menanggal Surabaya,-7.336199542647471,112.77809908613392,1000000,putri,,0,63.0,5.0,6,0,1,0,1,1,1,0,1,1,Papikost
Metaverse Kost (Galaxy Room),Rungkut Menanggal Surabaya,-7.336199542647471,112.77809908613392,1500000,putri,,0,57.0,5.0,8,1,1,1,1,1,1,0,1,1,Papikost
Deluxe Mezanine,Kupang Krajan Surabaya,-7.271993161725186,112.72672444581984,2000000,campur,,0,57.0,2.0,7,1,1,1,1,0,1,0,1,1,Papikost
Cozy Cove Kost,Kalirungkut Surabaya,-7.3237404,112.7629419,1600000,putri,,0,44.0,10.0,9,1,1,1,1,1,1,1,1,1,Papikost
Kos-kosan maskaryo kamar type 2,Tengilis Mejoyo Surabaya,-7.3227419,112.7598365,800000,putra,,0,42.0,7.0,5,0,1,0,1,1,1,0,1,0,Papikost
VVIP,Ngenden Jangkungan Surabaya,-7.302205,112.766977,1250000,putri,,0,41.0,7.0,7,1,1,1,1,1,1,0,1,0,Papikost
Kost Palem Semolo Premium,Semolowaru Surabaya,-7.2861,112.7695,1250000,putri,,0,41.0,6.0,7,1,1,0,1,1,1,0,1,1,Papikost
FELIZ GUESTHOUSE SURABAYA TWIN BED ROOM,Jemur Wonosari Surabaya,-7.322102411926709,112.74651244282722,3000000,campur,,0,39.0,3.0,6,1,1,1,0,1,1,1,0,0,Papikost
Griya HNN2 kos putra,Airlangga Surabaya,-7.2774883,112.7547777,1850000,putra,,0,39.0,10.0,7,1,1,1,1,1,1,0,1,0,Papikost
FIDI KOST,Jagir Surabaya,-7.30754761034647,112.74044158411355,1800000,putra,,0,36.0,10.0,7,1,1,1,1,1,1,0,1,0,Papikost
KOST KIU228,Kutisari Surabaya,-7.3372721,112.7497199,1300000,putri,,0,32.0,2.0,7,1,1,1,1,1,1,0,1,0,Papikost
Kost KIU 228,Kutisari Surabaya,-7.3372721,112.7497199,1100000,putri,,0,21.0,1.0,6,1,1,0,1,1,1,0,1,0,Papikost
Westside Kost Luxurich Lite Perumahan Taman Pondok Jati Geluran Taman Sidoarjo Surabaya,Geluran Sidoarjo,-7.364196949168291,112.69238859412326,650000,putri,,0,20.0,2.0,4,0,0,0,1,1,1,0,1,0,Papikost
Kos-kosan maskaryo kamar Type 1,Tengilis Mejoyo Surabaya,-7.3227419,112.7598365,875000,putra,,0,20.0,1.0,5,0,1,0,1,1,1,0,1,0,Papikost
Kost Palem Semolo Exclusive A,Semolowaru Surabaya,-7.2861,112.7695,1750000,putri,,0,14.0,1.0,8,1,1,1,1,1,1,0,1,1,Papikost
Kos Putri Dandelion Tipe C,Pacarkembang Surabaya,-7.25957023809304,112.77139596641064,800000,putri,,0,14.0,1.0,5,0,1,0,1,1,1,0,1,0,Papikost
Kost Putri KIU 228,Kutisari Surabaya,-7.3372721,112.7497199,1200000,putri,,0,13.0,1.0,7,1,1,1,1,1,1,0,1,0,Papikost
Tipe B Kost Luxurich Lite Perumahan Taman Pondok Jati Geluran Taman Sidoarjo Surabaya,Geluran Sidoarjo,-7.364196949168291,112.69238859412326,550000,putri,,0,12.0,2.0,4,0,0,0,1,1,1,0,1,0,Papikost
Tipe A Kost Luxurich Lite Perumahan Taman Pondok Jati Geluran Taman Sidoarjo Surabaya,Geluran Sidoarjo,-7.364196949168291,112.69238859412326,700000,putri,,0,7.0,1.0,4,0,0,0,1,1,1,0,1,0,Papikost
Kost Palem Semolo Exclusive B,Semolowaru Surabaya,-7.2861,112.7695,1750000,putri,,0,5.0,2.0,8,1,1,1,1,1,1,0,1,1,Papikost
Kos Putri Dandelion Tipe A,Pacarkembang Surabaya,-7.25957023809304,112.77139596641064,1000000,putri,,0,5.0,1.0,4,0,1,0,1,0,1,0,1,0,Papikost
Kost Elmy,Medokan Semampir Surabaya,-7.309423,112.7783642,600000,putri,,0,5.0,10.0,3,0,1,0,1,0,1,0,0,0,Papikost
Kos Putri Dandelion Tipe B,Pacarkembang Surabaya,-7.25957023809304,112.77139596641064,900000,putri,,0,3.0,1.0,5,0,1,0,1,1,1,0,1,0,Papikost
