nama_kost,kelurahan,kota,harga,harga,jenis,fasilitas,latitude,longitude,rating,jumlah_ulasan,jumlah_dilihat,sisa_kamar,url,sumber,lokasi,ac,wifi,kmandi_dalam,lemari,meja_belajar,kasur,tv,pmotor,pmobil,dapur,jumlah_fasilitas
Kost pasutri kutisari utara 5 no 9,Kutisari,Surabaya,600000,600000,campur,"['wifi', 'kmandi_dalam', 'pmotor']",-7.33213,112.74381,,0,6442,10,https://papikost.com/kost/kost-pasutri-kutisari-utara-5-no-9,Papikost,"Kutisari, Surabaya",0,1,1,0,0,0,0,1,0,0,3
Kost Putri Dafin Didi Gubeng Surabaya,Mojo,Surabaya,700000,700000,putri,"['wifi', 'lemari', 'meja_belajar', 'kasur', 'pmotor']",-7.26968548,112.759864,,0,3780,7,https://papikost.com/kost/kost-putri-dafin-didi-gubeng-surabaya,Papikost,"Mojo, Surabaya",0,1,0,1,1,1,0,1,0,0,5
Kos omah lawas,Baratajaya,Surabaya,800000,800000,campur,"['ac', 'wifi', 'lemari', 'meja_belajar', 'kasur', 'pmotor', 'pmobil']",-7.296959175631529,112.7570863609958,,0,2307,2,https://papikost.com/kost/kos-omah-lawas,Papikost,"Baratajaya, Surabaya",1,1,0,1,1,1,0,1,1,0,7
Bobo Studio,DR. Soetomo,Surabaya,1750000,1750000,campur,"['ac', 'wifi', 'kmandi_dalam', 'lemari', 'tv', 'meja_belajar', 'kasur', 'pmotor', 'pmobil']",-7.276182446295405,112.73354329168795,,0,2163,10,https://papikost.com/kost/bobo-studio,Papikost,"DR. Soetomo, Surabaya",1,1,1,1,1,1,1,1,1,0,9
Kost Pria Sederhana Surabaya,Kalirungkut,Surabaya,700000,700000,putra,"['wifi', 'lemari', 'meja_belajar', 'kasur', 'pmotor']",-7.32181509548724,112.76306130688681,,0,1981,8,https://papikost.com/kost/kost-pria-sederhana-surabaya,Papikost,"Kalirungkut, Surabaya",0,1,0,1,1,1,0,1,0,0,5
Kos murah laki di daerah strategis merr rungkut,Kedung Baruk,Surabaya,750000,750000,putra,['kasur'],-7.3181049058094665,112.78180360794067,,0,1324,2,https://papikost.com/kost/kos-murah-laki-di-daerah-strategis-merr-rungkut,Papikost,"Kedung Baruk, Surabaya",0,0,0,0,0,1,0,0,0,0,1
Kost Putri Rungkut Asri,Kalirungkut,Surabaya,800000,800000,putri,"['wifi', 'lemari', 'meja_belajar', 'kasur', 'pmotor', 'pmobil']",-7.326843,112.776241,,0,1292,10,https://papikost.com/kost/kost-putri-rungkut-asri,Papikost,"Kalirungkut, Surabaya",0,1,0,1,1,1,0,1,1,0,6
Kost Putri Bu Ratna,Lontar,Surabaya,600000,600000,putri,"['lemari', 'kasur', 'pmotor']",-7.2819604114359375,112.67427653074265,,0,1240,3,https://papikost.com/kost/kost-putri-bu-ratna,Papikost,"Lontar, Surabaya",0,0,0,1,0,1,0,1,0,0,3
"Kos Putri Bersih dan Nyaman ( Lakarsantri, Sby Barat)",Jeruk,Surabaya,800000,800000,putri,"['kmandi_dalam', 'lemari', 'kasur', 'pmotor']",-7.303908,112.646734,,0,1228,4,https://papikost.com/kost/kos-putri-bersih-dan-nyaman-lakarsantri-sby-barat,Papikost,"Jeruk, Surabaya",0,0,1,1,0,1,0,1,0,0,4
Kamar Kost HS,Bendul Merisi,Surabaya,800000,800000,putra,"['wifi', 'kmandi_dalam', 'lemari', 'kasur', 'pmotor']",-7.310097460967134,112.74150609970093,,0,1066,6,https://papikost.com/kost/kamar-kost-hs,Papikost,"Bendul Merisi, Surabaya",0,1,1,1,0,1,0,1,0,0,5
Behomy Cozynest Gayungsari,Gayungan Ketintang,Surabaya,2300000,2300000,campur,"['wifi', 'kmandi_dalam', 'lemari', 'tv', 'meja_belajar', 'kasur', 'pmotor', 'pmobil']",-7.3358512,112.7182307,,0,1052,9,https://papikost.com/kost/behomy-cozynest-gayungsari,Papikost,"Gayungan Ketintang, Surabaya",0,1,1,1,1,1,1,1,1,0,8
Kos D8,Siwalan Kerto,Surabaya,1500000,1500000,campur,"['ac', 'wifi', 'kmandi_dalam', 'lemari', 'tv', 'meja_belajar', 'kasur', 'pmotor', 'pmobil']",-7.3421729,112.736717,,0,814,10,https://papikost.com/kost/kos-d8,Papikost,"Siwalan Kerto, Surabaya",1,1,1,1,1,1,1,1,1,0,9
Tipe Premium A,Menur Pumpungan,Surabaya,900000,900000,putri,"['ac', 'wifi', 'lemari', 'meja_belajar', 'pmotor']",-7.2983632,112.763602,,0,705,1,https://papikost.com/kost/tipe-premium-a,Papikost,"Menur Pumpungan, Surabaya",1,1,0,1,1,0,0,1,0,0,5
Tipe Standar A,Menur Pumpungan,Surabaya,600000,600000,putri,"['wifi', 'lemari', 'meja_belajar', 'kasur', 'pmotor']",-7.2983632,112.763602,,0,685,3,https://papikost.com/kost/tipe-standar-a,Papikost,"Menur Pumpungan, Surabaya",0,1,0,1,1,1,0,1,0,0,5
Kos Putri dekat PTC,Jeruk,Surabaya,800000,800000,putri,"['kmandi_dalam', 'lemari', 'kasur', 'pmotor']",-7.303908,112.646734,,0,632,4,https://papikost.com/kost/kos-putri-dekat-ptc,Papikost,"Jeruk, Surabaya",0,0,1,1,0,1,0,1,0,0,4
Kost Hera Surabaya,Petemon,Surabaya,500000,500000,putri,"['wifi', 'kasur', 'pmotor', 'pmobil']",-7.26374458698596,112.7240894437,,0,628,3,https://papikost.com/kost/kost-hera-surabaya,Papikost,"Petemon, Surabaya",0,1,0,0,0,1,0,1,1,0,4
Tipe Premium B,Menur Pumpungan,Surabaya,700000,700000,putri,"['wifi', 'lemari', 'meja_belajar', 'kasur', 'pmotor']",-7.2983632,112.763602,,0,609,2,https://papikost.com/kost/tipe-premium-b,Papikost,"Menur Pumpungan, Surabaya",0,1,0,1,1,1,0,1,0,0,5
Kost Casa Sevilla Hunian Ternyaman,Jemur Wonosari,Surabaya,1500000,1500000,campur,"['ac', 'wifi', 'kmandi_dalam', 'lemari', 'tv', 'meja_belajar', 'kasur', 'pmotor', 'pmobil']",-7.3283564,112.7348616,,0,586,10,https://papikost.com/kost/kost-casa-sevilla-hunian-ternyaman,Papikost,"Jemur Wonosari, Surabaya",1,1,1,1,1,1,1,1,1,0,9
Kos bu Made,Airlangga,Surabaya,1200000,1200000,putra,"['ac', 'wifi', 'lemari', 'meja_belajar', 'kasur', 'pmotor']",-7.2783885747516806,112.76000797748566,,0,549,1,https://papikost.com/kost/kos-bu-made,Papikost,"Airlangga, Surabaya",1,1,0,1,1,1,0,1,0,0,6
Kos Bu Sri Kamar A,Medokan Ayu,Surabaya,1000000,1000000,putri,"['ac', 'wifi', 'lemari', 'kasur', 'pmotor', 'pmobil']",-7.3322688,112.7962218,,0,548,2,https://papikost.com/kost/kos-bu-sri-kamar-a,Papikost,"Medokan Ayu, Surabaya",1,1,0,1,0,1,0,1,1,0,6
Kost Putra Athar's,Gunung Anyar Tambak,Surabaya,1000000,1000000,putra,"['wifi', 'lemari', 'meja_belajar', 'kasur', 'pmotor']",-7.335223,112.809624,,0,501,3,https://papikost.com/kost/kost-putra-athars,Papikost,"Gunung Anyar Tambak, Surabaya",0,1,0,1,1,1,0,1,0,0,5
Kost Putri Kutisari SIER Tenggilis,Kutisari,Surabaya,1300000,1300000,putri,"['ac', 'wifi', 'kmandi_dalam', 'lemari', 'meja_belajar', 'kasur', 'pmotor', 'pmobil']",-7.333773294687014,112.74722036338972,,0,407,6,https://papikost.com/kost/kost-putri-kutisari-sier-tenggilis,Papikost,"Kutisari, Surabaya",1,1,1,1,1,1,0,1,1,0,8
Kost Andy Sambo,Medokan Ayu,Surabaya,1000000,1000000,putra,"['ac', 'wifi', 'kmandi_dalam', 'lemari', 'kasur', 'pmotor']",-7.328018311977341,112.79662093676507,,0,380,10,https://papikost.com/kost/kost-andy-sambo,Papikost,"Medokan Ayu, Surabaya",1,1,1,1,0,1,0,1,0,0,6
Kost Baru Merr Boulevard,Penjaringan Sari,Surabaya,1300000,1300000,putra,"['ac', 'wifi', 'lemari', 'meja_belajar', 'kasur', 'pmotor', 'pmobil']",-7.323061661777231,112.78377127640852,,0,329,4,https://papikost.com/kost/kost-baru-merr-boulevard,Papikost,"Penjaringan Sari, Surabaya",1,1,0,1,1,1,0,1,1,0,7
Kost Mahasiswi Rungkut Gunung Anyar Surabaya,Rungkut Menanggal,Surabaya,800000,800000,putri,"['wifi', 'lemari', 'meja_belajar', 'kasur', 'pmotor']",-7.3353585608627965,112.77542352670935,,0,327,4,https://papikost.com/kost/kost-mahasiswi-rungkut-gunung-anyar-surabaya,Papikost,"Rungkut Menanggal, Surabaya",0,1,0,1,1,1,0,1,0,0,5
Pastelle Premium Kost,Kalisari,Surabaya,2750000,2750000,putra,"['ac', 'wifi', 'kmandi_dalam', 'lemari', 'tv', 'meja_belajar', 'kasur', 'pmotor', 'pmobil']",-7.265486224964494,112.79544462757484,,0,313,10,https://papikost.com/kost/pastelle-premium-kost,Papikost,"Kalisari, Surabaya",1,1,1,1,1,1,1,1,1,0,9
7 Eden Kos Pria Manyar Jaya,Menur Pumpungan,Surabaya,1000000,1000000,putra,"['ac', 'wifi', 'lemari', 'meja_belajar', 'kasur', 'pmotor']",-7.297024793336967,112.77231395244598,,0,274,10,https://papikost.com/kost/7-eden-kos-pria-manyar-jaya,Papikost,"Menur Pumpungan, Surabaya",1,1,0,1,1,1,0,1,0,0,6
Kamar Deluxe,Menur Pumpungan,Surabaya,950000,950000,putri,"['ac', 'wifi', 'kmandi_dalam', 'lemari', 'meja_belajar', 'kasur', 'pmotor']",-7.2983632,112.763602,,0,269,1,https://papikost.com/kost/kamar-deluxe,Papikost,"Menur Pumpungan, Surabaya",1,1,1,1,1,1,0,1,0,0,7
Alsi Home Surabaya,Semolowaru,Surabaya,1900000,1900000,putra,"['ac', 'wifi', 'kmandi_dalam', 'meja_belajar', 'kasur', 'pmotor', 'pmobil']",-7.2999787,112.7718391,,0,266,4,https://papikost.com/kost/alsi-home-surabaya,Papikost,"Semolowaru, Surabaya",1,1,1,0,1,1,0,1,1,0,7
Kost Kamar Besar dan Homy Tenggilis,Tengilis Mejoyo,Surabaya,2300000,2300000,campur,"['ac', 'wifi', 'kmandi_dalam', 'lemari', 'tv', 'meja_belajar', 'kasur', 'pmotor', 'pmobil']",-7.318893216952698,112.7568680641707,,0,264,10,https://papikost.com/kost/kost-kamar-besar-dan-homy-tenggilis,Papikost,"Tengilis Mejoyo, Surabaya",1,1,1,1,1,1,1,1,1,0,9
Pondok Alfi,Menur Pumpungan,Surabaya,1700000,1700000,campur,"['ac', 'wifi', 'kmandi_dalam', 'lemari', 'tv', 'meja_belajar', 'kasur', 'pmotor', 'pmobil']",-7.295116,112.7618451,,0,258,10,https://papikost.com/kost/pondok-alfi,Papikost,"Menur Pumpungan, Surabaya",1,1,1,1,1,1,1,1,1,0,9
Kamar Mawar,Gayungan Ketintang,Surabaya,2500000,2500000,putra,"['ac', 'wifi', 'kmandi_dalam', 'lemari', 'kasur', 'pmotor', 'pmobil']",-7.3219777714724765,112.72587954998015,,0,207,5,https://papikost.com/kost/kamar-mawar,Papikost,"Gayungan Ketintang, Surabaya",1,1,1,1,0,1,0,1,1,0,7
Alsi Kos Surabaya,Semolowaru,Surabaya,2000000,2000000,putri,"['ac', 'wifi', 'kmandi_dalam', 'lemari', 'tv', 'meja_belajar', 'kasur', 'pmotor', 'pmobil']",-7.2999787,112.7718391,,0,194,6,https://papikost.com/kost/alsi-kos-surabaya,Papikost,"Semolowaru, Surabaya",1,1,1,1,1,1,1,1,1,0,9
Emerald guesthouse Klampis Surabaya,Klampis Ngasem,Surabaya,1950000,1950000,campur,"['ac', 'wifi', 'kmandi_dalam', 'lemari', 'tv', 'meja_belajar', 'kasur', 'pmotor', 'pmobil']",-7.291026,112.776156,,0,194,4,https://papikost.com/kost/emerald-guesthouse-klampis-surabaya,Papikost,"Klampis Ngasem, Surabaya",1,1,1,1,1,1,1,1,1,0,9
House of Felix - Kamar Standard,Kupang Krajan,Surabaya,1850000,1850000,campur,"['ac', 'wifi', 'kmandi_dalam', 'lemari', 'tv', 'meja_belajar', 'kasur', 'dispenser', 'pmotor', 'pmobil']",-7.2676446,112.63691,,0,169,5,https://papikost.com/kost/house-of-felix-kamar-standard,Papikost,"Kupang Krajan, Surabaya",1,1,1,1,1,1,1,1,1,0,9
kost ibu mul,Airlangga,Surabaya,125000,125000,putri,"['ac', 'wifi', 'lemari', 'kasur', 'pmotor']",-7.2751055,112.7558009,,0,160,5,https://papikost.com/kost/kost-ibu-mul,Papikost,"Airlangga, Surabaya",1,1,0,1,0,1,0,1,0,0,5
Jaya Kost Gubeng Kertajaya 1,Gubeng,Surabaya,900000,900000,putra,"['ac', 'wifi', 'lemari', 'meja_belajar', 'kasur', 'pmotor']",-7.2760394696824,112.75116473436356,,0,159,4,https://papikost.com/kost/jaya-kost-gubeng-kertajaya-1,Papikost,"Gubeng, Surabaya",1,1,0,1,1,1,0,1,0,0,6
Amarta Habitat Tipe Comfort,Medokan Ayu,Surabaya,1500000,1500000,putra,"['kasur', 'dispenser']",-7.3304388,112.7968705,,0,147,2,https://papikost.com/kost/amarta-habitat-tipe-comfort,Papikost,"Medokan Ayu, Surabaya",0,0,0,0,0,1,0,0,0,0,1
Kost Putri Home Sweet Home Semolowaru Surabaya Timur,Semolowaru,Surabaya,1500000,1500000,putri,"['ac', 'wifi', 'lemari', 'meja_belajar', 'kasur', 'pmotor', 'pmobil']",-7.3053171,112.7743487,,0,130,9,https://papikost.com/kost/kost-putri-home-sweet-home-semolowaru-surabaya-timur,Papikost,"Semolowaru, Surabaya",1,1,0,1,1,1,0,1,1,0,7
KOST PUTRI 415,Panjang Jiwo,Surabaya,1500000,1500000,putri,"['ac', 'wifi', 'kmandi_dalam', 'lemari', 'meja_belajar', 'kasur', 'pmotor', 'pmobil']",-7.312439382988887,112.76453554630278,,0,119,4,https://papikost.com/kost/kost-putri-415,Papikost,"Panjang Jiwo, Surabaya",1,1,1,1,1,1,0,1,1,0,8
Kamar AC &amp; NON AC,Ngenden Jangkungan,Surabaya,1000000,1000000,putri,"['ac', 'wifi', 'lemari', 'meja_belajar', 'kasur', 'pmotor']",-7.302205,112.766977,,0,116,3,https://papikost.com/kost/kamar-ac-andamp-non-ac,Papikost,"Ngenden Jangkungan, Surabaya",1,1,0,1,1,1,0,1,0,0,6
KAYLA KOST PUTRI / MAHASISWI,Kalisari,Surabaya,2000000,2000000,putri,"['ac', 'wifi', 'kmandi_dalam', 'lemari', 'meja_belajar', 'kasur', 'pmotor', 'pmobil']",-7.2716888,112.804311,,0,109,6,https://papikost.com/kost/kayla-kost-putri-mahasiswi,Papikost,"Kalisari, Surabaya",1,1,1,1,1,1,0,1,1,0,8
Kos Putri Sekar Arum dekat Unair,Pacarkembang,Surabaya,1300000,1300000,putri,"['ac', 'wifi', 'kmandi_dalam', 'lemari', 'meja_belajar', 'kasur', 'pmotor']",-7.263025029536,112.76396814734426,,0,109,9,https://papikost.com/kost/kos-putri-sekar-arum-dekat-unair,Papikost,"Pacarkembang, Surabaya",1,1,1,1,1,1,0,1,0,0,7
Cozy One Bedroom Citraland near Universitas Ciputra,Sambikerep,Surabaya,2700000,2700000,putra,['kasur'],-7.274451581264419,112.6499354839325,,0,105,1,https://papikost.com/kost/cozy-one-bedroom-citraland-near-universitas-ciputra,Papikost,"Sambikerep, Surabaya",0,0,0,0,0,1,0,0,0,0,1
Onnie Room,Menur Pumpungan,Surabaya,2500000,2500000,putri,"['ac', 'wifi', 'kmandi_dalam', 'lemari', 'meja_belajar', 'kasur', 'pmotor', 'pmobil']",-7.295142246175472,112.76799157261848,,0,95,10,https://papikost.com/kost/onnie-room,Papikost,"Menur Pumpungan, Surabaya",1,1,1,1,1,1,0,1,1,0,8
Kos bu liyatin,Made,Surabaya,1200000,1200000,putri,"['ac', 'wifi', 'kmandi_dalam', 'lemari', 'meja_belajar', 'kasur', 'pmotor', 'pmobil']",-7.279964351879207,112.62778043746947,,0,94,8,https://papikost.com/kost/kos-bu-liyatin,Papikost,"Made, Surabaya",1,1,1,1,1,1,0,1,1,0,8
Kamar Anggrek,Gayungan Ketintang,Surabaya,2500000,2500000,putra,"['ac', 'wifi', 'kmandi_dalam', 'lemari', 'kasur', 'pmotor', 'pmobil']",-7.3219777714724765,112.72587954998015,,0,77,5,https://papikost.com/kost/kamar-anggrek,Papikost,"Gayungan Ketintang, Surabaya",1,1,1,1,0,1,0,1,1,0,7
Standar Room,Kupang Krajan,Surabaya,1600000,1600000,campur,"['ac', 'wifi', 'kmandi_dalam', 'lemari', 'kasur', 'pmotor', 'pmobil']",-7.271993161725186,112.72672444581984,,0,74,6,https://papikost.com/kost/standar-room,Papikost,"Kupang Krajan, Surabaya",1,1,1,1,0,1,0,1,1,0,7
Metaverse Kost (Basic Room),Rungkut Menanggal,Surabaya,1000000,1000000,putri,"['wifi', 'lemari', 'meja_belajar', 'kasur', 'pmotor', 'pmobil']",-7.3361995426474715,112.77809908613392,,0,63,5,https://papikost.com/kost/metaverse-kost-basic-room,Papikost,"Rungkut Menanggal, Surabaya",0,1,0,1,1,1,0,1,1,0,6
Metaverse Kost (Galaxy Room),Rungkut Menanggal,Surabaya,1500000,1500000,putri,"['ac', 'wifi', 'kmandi_dalam', 'lemari', 'meja_belajar', 'kasur', 'pmotor', 'pmobil']",-7.3361995426474715,112.77809908613392,,0,57,5,https://papikost.com/kost/metaverse-kost-galaxy-room,Papikost,"Rungkut Menanggal, Surabaya",1,1,1,1,1,1,0,1,1,0,8
Deluxe Mezanine,Kupang Krajan,Surabaya,2000000,2000000,campur,"['ac', 'wifi', 'kmandi_dalam', 'lemari', 'kasur', 'pmotor', 'pmobil']",-7.271993161725186,112.72672444581984,,0,57,2,https://papikost.com/kost/deluxe-mezanine,Papikost,"Kupang Krajan, Surabaya",1,1,1,1,0,1,0,1,1,0,7
Cozy Cove Kost,Kalirungkut,Surabaya,1600000,1600000,putri,"['ac', 'wifi', 'kmandi_dalam', 'lemari', 'tv', 'meja_belajar', 'kasur', 'pmotor', 'pmobil']",-7.3237404,112.7629419,,0,44,10,https://papikost.com/kost/cozy-cove-kost,Papikost,"Kalirungkut, Surabaya",1,1,1,1,1,1,1,1,1,0,9
Kos-kosan maskaryo kamar type 2,Tengilis Mejoyo,Surabaya,800000,800000,putra,"['wifi', 'lemari', 'meja_belajar', 'kasur', 'pmotor']",-7.3227419,112.7598365,,0,42,7,https://papikost.com/kost/kos-kosan-maskaryo-kamar-type-2,Papikost,"Tengilis Mejoyo, Surabaya",0,1,0,1,1,1,0,1,0,0,5
VVIP,Ngenden Jangkungan,Surabaya,1250000,1250000,putri,"['ac', 'wifi', 'kmandi_dalam', 'lemari', 'meja_belajar', 'kasur', 'pmotor']",-7.302205,112.766977,,0,41,7,https://papikost.com/kost/vvip,Papikost,"Ngenden Jangkungan, Surabaya",1,1,1,1,1,1,0,1,0,0,7
Kost Palem Semolo Premium,Semolowaru,Surabaya,1250000,1250000,putri,"['ac', 'wifi', 'lemari', 'meja_belajar', 'kasur', 'pmotor', 'pmobil']",-7.2861,112.7695,,0,41,6,https://papikost.com/kost/kost-palem-semolo-premium,Papikost,"Semolowaru, Surabaya",1,1,0,1,1,1,0,1,1,0,7
FELIZ GUESTHOUSE SURABAYA TWIN BED ROOM,Jemur Wonosari,Surabaya,3000000,3000000,campur,"['ac', 'wifi', 'kmandi_dalam', 'tv', 'meja_belajar', 'kasur']",-7.322102411926709,112.74651244282722,,0,39,3,https://papikost.com/kost/feliz-guesthouse-surabaya-twin-bed-room,Papikost,"Jemur Wonosari, Surabaya",1,1,1,0,1,1,1,0,0,0,6
Griya HNN2 kos putra,Airlangga,Surabaya,1850000,1850000,putra,"['ac', 'wifi', 'kmandi_dalam', 'lemari', 'meja_belajar', 'kasur', 'dispenser', 'pmotor']",-7.2774883,112.7547777,,0,39,10,https://papikost.com/kost/griya-hnn2-kos-putra,Papikost,"Airlangga, Surabaya",1,1,1,1,1,1,0,1,0,0,7
FIDI KOST,Jagir,Surabaya,1800000,1800000,putra,"['ac', 'wifi', 'kmandi_dalam', 'lemari', 'meja_belajar', 'kasur', 'dispenser', 'pmotor']",-7.30754761034647,112.74044158411355,,0,36,10,https://papikost.com/kost/fidi-kost,Papikost,"Jagir, Surabaya",1,1,1,1,1,1,0,1,0,0,7
KOST KIU228,Kutisari,Surabaya,1300000,1300000,putri,"['ac', 'wifi', 'kmandi_dalam', 'lemari', 'meja_belajar', 'kasur', 'pmotor']",-7.3372721,112.7497199,,0,32,2,https://papikost.com/kost/kost-kiu228,Papikost,"Kutisari, Surabaya",1,1,1,1,1,1,0,1,0,0,7
Kost KIU 228,Kutisari,Surabaya,1100000,1100000,putri,"['ac', 'wifi', 'lemari', 'meja_belajar', 'kasur', 'pmotor']",-7.3372721,112.7497199,,0,21,1,https://papikost.com/kost/kost-kiu-228,Papikost,"Kutisari, Surabaya",1,1,0,1,1,1,0,1,0,0,6
Westside Kost Luxurich Lite Perumahan Taman Pondok Jati Geluran Taman Sidoarjo Surabaya,Geluran,Sidoarjo,650000,650000,putri,"['lemari', 'meja_belajar', 'kasur', 'pmotor']",-7.364196949168291,112.69238859412326,,0,20,2,https://papikost.com/kost/westside-kost-luxurich-lite-perumahan-taman-pondok-jati-geluran-taman-sidoarjo-surabaya,Papikost,"Geluran, Sidoarjo",0,0,0,1,1,1,0,1,0,0,4
Kos-kosan maskaryo kamar Type 1,Tengilis Mejoyo,Surabaya,875000,875000,putra,"['wifi', 'lemari', 'meja_belajar', 'kasur', 'pmotor']",-7.3227419,112.7598365,,0,20,1,https://papikost.com/kost/kos-kosan-maskaryo-kamar-type-1,Papikost,"Tengilis Mejoyo, Surabaya",0,1,0,1,1,1,0,1,0,0,5
Kost Palem Semolo Exclusive A,Semolowaru,Surabaya,1750000,1750000,putri,"['ac', 'wifi', 'kmandi_dalam', 'lemari', 'meja_belajar', 'kasur', 'pmotor', 'pmobil']",-7.2861,112.7695,,0,14,1,https://papikost.com/kost/kost-palem-semolo-exclusive-a,Papikost,"Semolowaru, Surabaya",1,1,1,1,1,1,0,1,1,0,8
Kos Putri Dandelion Tipe C,Pacarkembang,Surabaya,800000,800000,putri,"['wifi', 'lemari', 'meja_belajar', 'kasur', 'pmotor']",-7.25957023809304,112.77139596641064,,0,14,1,https://papikost.com/kost/kos-putri-dandelion-tipe-c,Papikost,"Pacarkembang, Surabaya",0,1,0,1,1,1,0,1,0,0,5
Kost Putri KIU 228,Kutisari,Surabaya,1200000,1200000,putri,"['ac', 'wifi', 'kmandi_dalam', 'lemari', 'meja_belajar', 'kasur', 'pmotor']",-7.3372721,112.7497199,,0,13,1,https://papikost.com/kost/kost-putri-kiu-228,Papikost,"Kutisari, Surabaya",1,1,1,1,1,1,0,1,0,0,7
Tipe B Kost Luxurich Lite Perumahan Taman Pondok Jati Geluran Taman Sidoarjo Surabaya,Geluran,Sidoarjo,550000,550000,putri,"['lemari', 'meja_belajar', 'kasur', 'pmotor']",-7.364196949168291,112.69238859412326,,0,12,2,https://papikost.com/kost/tipe-b-kost-luxurich-lite-perumahan-taman-pondok-jati-geluran-taman-sidoarjo-surabaya,Papikost,"Geluran, Sidoarjo",0,0,0,1,1,1,0,1,0,0,4
Tipe A Kost Luxurich Lite Perumahan Taman Pondok Jati Geluran Taman Sidoarjo Surabaya,Geluran,Sidoarjo,700000,700000,putri,"['lemari', 'meja_belajar', 'kasur', 'pmotor']",-7.364196949168291,112.69238859412326,,0,7,1,https://papikost.com/kost/tipe-a-kost-luxurich-lite-perumahan-taman-pondok-jati-geluran-taman-sidoarjo-surabaya,Papikost,"Geluran, Sidoarjo",0,0,0,1,1,1,0,1,0,0,4
Kost Palem Semolo Exclusive B,Semolowaru,Surabaya,1750000,1750000,putri,"['ac', 'wifi', 'kmandi_dalam', 'lemari', 'meja_belajar', 'kasur', 'pmotor', 'pmobil']",-7.2861,112.7695,,0,5,2,https://papikost.com/kost/kost-palem-semolo-exclusive-b,Papikost,"Semolowaru, Surabaya",1,1,1,1,1,1,0,1,1,0,8
Kos Putri Dandelion Tipe A,Pacarkembang,Surabaya,1000000,1000000,putri,"['wifi', 'lemari', 'kasur', 'pmotor']",-7.25957023809304,112.77139596641064,,0,5,1,https://papikost.com/kost/kos-putri-dandelion-tipe-a,Papikost,"Pacarkembang, Surabaya",0,1,0,1,0,1,0,1,0,0,4
Kost Elmy,Medokan Semampir,Surabaya,600000,600000,putri,"['wifi', 'lemari', 'kasur']",-7.309423,112.7783642,,0,5,10,https://papikost.com/kost/kost-elmy,Papikost,"Medokan Semampir, Surabaya",0,1,0,1,0,1,0,0,0,0,3
Kos Putri Dandelion Tipe B,Pacarkembang,Surabaya,900000,900000,putri,"['wifi', 'lemari', 'meja_belajar', 'kasur', 'pmotor']",-7.25957023809304,112.77139596641064,,0,3,1,https://papikost.com/kost/kos-putri-dandelion-tipe-b,Papikost,"Pacarkembang, Surabaya",0,1,0,1,1,1,0,1,0,0,5
