no,nama_kos,alamat_kos,telepon_pemilik,harga_bulanan,kamar_mandi,pendingin,link_gmaps,wifi,rating,jumlah_ulasan,kecamatan,latitude,longitude,sumber_harga
1,"*Kost ""SAMIJATI"" Syariah*","Jl. Dharmawangsa V No.14, Airlangga, Kec. Gubeng, Surabaya, Jawa Timur 60286",,,tidak diketahui,tidak diketahui,https://www.google.com/maps/place/*Kost+%22SAMIJATI%22+Syariah*/data=!4m7!3m6!1s0x2dd7fb9cc448867b:0x26e226e027946ef6!8m2!3d-7.2699527!4d112.755742!16s%2Fg%2F11s2lrt22z!19sChIJe4ZIxJz71y0R9m6UJ-Am4iY?authuser=0&hl=id&g_ep=EgoyMDI2MDkwNi4wIJJjKgBIAVAD&rclk=1,False,,,Gubeng,-7.2699527,112.755742,
2,ABIZZA'S Kost House Syariah Ketintang," Jl. Ketintang Sel. No.85A, Karah, Kec. Jambangan, Surabaya, Jawa Timur 60232",,,tidak diketahui,tidak diketahui,https://www.google.com/maps/place/ABIZZA%27S+Kost+House+Syariah+Ketintang/data=!4m10!3m9!1s0x2dd7fb7c81cb7a05:0x2c76d3cb66c44513!5m2!4m1!1i2!8m2!3d-7.3162363!4d112.7215731!16s%2Fg%2F11bztctz4h!19sChIJBXrLgXz71y0RE0XEZsvTdiw?authuser=0&hl=id&g_ep=EgoyMDI2MDkwNi4wIJJjKgBIAVAD&rclk=1,False,4.5,179,Jambangan,-7.3162363,112.7215731,
3,ABS Kost 1," 006, Jl. Dukuh Kupang Tim. VI No.45, RW.08, Pakis, Kec. Sawahan, Surabaya, Jawa Timur 60256",,,tidak diketahui,tidak diketahui,https://www.google.com/maps/place/ABS+Kost+1/data=!4m7!3m6!1s0x2dd7fb6093c9f8f5:0x14f5c4ebce86bb67!8m2!3d-7.2821519!4d112.7175286!16s%2Fg%2F11ft31twf9!19sChIJ9fjJk2D71y0RZ7uGzuvE9RQ?authuser=0&hl=id&g_ep=EgoyMDI2MDkwNi4wIJJjKgBIAVAD&rclk=1,False,5.0,3,Sawahan,-7.2821519,112.7175286,
4,AFLACELL/AFLAKOST servis hp dan kost harian mingguan bulanan," Jl. Karangan Gg. VI No.95, Sawunggaling, Kec. Wonokromo, Surabaya, Jawa Timur 60242",,,tidak diketahui,tidak diketahui,https://www.google.com/maps/place/AFLACELL%2FAFLAKOST+servis+hp+dan+kost+harian+mingguan+bulanan/data=!4m7!3m6!1s0x2dd7fb8f545c96ab:0xa55120efb19b446!8m2!3d-7.2980845!4d112.7214057!16s%2Fg%2F11cn5r0cd7!19sChIJq5ZcVI_71y0RRrQZ-w4SVQo?authuser=0&hl=id&g_ep=EgoyMDI2MDkwNi4wIJJjKgBIAVAD&rclk=1,False,4.7,28,Wonokromo,-7.2980845,112.7214057,
5,AKASIA Co-Living 2," Jl. Rungkut Harapan Blk. J No.16, Kali Rungkut, Kec. Rungkut, Surabaya, Jawa Timur 60293",,,tidak diketahui,tidak diketahui,https://www.google.com/maps/place/AKASIA+Co-Living+2/data=!4m7!3m6!1s0x2dd7fae9d7507ab5:0xf715b0b23d7bc829!8m2!3d-7.3252319!4d112.7784318!16s%2Fg%2F11q7dxykns!19sChIJtXpQ1-n61y0RKch7PbKwFfc?authuser=0&hl=id&g_ep=EgoyMDI2MDkwNi4wIJJjKgBIAVAD&rclk=1,False,5.0,12,Rungkut,-7.3252319,112.7784318,
6,AL - Makmur Kost," Jl. Gubeng Klingsingan Gg. 5 No.3, Gubeng, Kec. Gubeng, Surabaya, Jawa Timur 60281",,,tidak diketahui,tidak diketahui,https://www.google.com/maps/place/AL+-+Makmur+Kost/data=!4m7!3m6!1s0x2dd7fb50c7b02359:0xbad07fd2fc7231a6!8m2!3d-7.2699518!4d112.7523711!16s%2Fg%2F11g0gpkkdb!19sChIJWSOwx1D71y0RpjFy_NJ_0Lo?authuser=0&hl=id&g_ep=EgoyMDI2MDkwNi4wIJJjKgBIAVAD&rclk=1,False,4.4,29,Gubeng,-7.2699518,112.7523711,
7,AMANDITA KOST KETINTANG," Jl. Ketintang Baru III No.50, Ketintang, Kec. Gayungan, Surabaya, Jawa Timur 60231",,,tidak diketahui,tidak diketahui,https://www.google.com/maps/place/AMANDITA+KOST+KETINTANG/data=!4m7!3m6!1s0x2dd7fb8d360a7be3:0xad0f8025d9eb9c52!8m2!3d-7.3162172!4d112.7303849!16s%2Fg%2F11k3l6jbtx!19sChIJ43sKNo371y0RUpzr2SWAD60?authuser=0&hl=id&g_ep=EgoyMDI2MDkwNi4wIJJjKgBIAVAD&rclk=1,False,4.4,8,Gayungan,-7.3162172,112.7303849,
8,AP Kost," Jl. Kebonsari Tengah No.21 B, Kebonsari, Kec. Jambangan, Surabaya, Jawa Timur 60233",,,tidak diketahui,tidak diketahui,https://www.google.com/maps/place/AP+Kost/data=!4m7!3m6!1s0x2dd7fd0a628583b9:0xe6745365417cd3a4!8m2!3d-7.3251474!4d112.7132051!16s%2Fg%2F11f730sxz3!19sChIJuYOFYgr91y0RpNN8QWVTdOY?authuser=0&hl=id&g_ep=EgoyMDI2MDkwNi4wIJJjKgBIAVAD&rclk=1,False,4.8,11,Jambangan,-7.3251474,112.7132051,
9,ARS Kost Jambangan," Jl. Jambangan Kebon Agung Tol, Jambangan, Kec. Jambangan, Surabaya, Jawa Timur 60223",,,tidak diketahui,tidak diketahui,https://www.google.com/maps/place/ARS+Kost+Jambangan/data=!4m7!3m6!1s0x2dd7fb3b53aba2f1:0x6db866945502069a!8m2!3d-7.3177675!4d112.7160425!16s%2Fg%2F11v_8p3rqw!19sChIJ8aKrUzv71y0RmgYCVZRmuG0?authuser=0&hl=id&g_ep=EgoyMDI2MDkwNi4wIJJjKgBIAVAD&rclk=1,False,3.6,24,Jambangan,-7.3177675,112.7160425,
10,ARWIM KOST," Gg. III No.26C, RT.005/RW.01, Sawunggaling, Kec. Wonokromo, Surabaya, Jawa Timur 60242",,,tidak diketahui,tidak diketahui,https://www.google.com/maps/place/ARWIM+KOST/data=!4m7!3m6!1s0x2dd7fb064e4f36a9:0xe7374c3f11a78f97!8m2!3d-7.2958147!4d112.7216907!16s%2Fg%2F11fl1bx5f4!19sChIJqTZPTgb71y0Rl4-nET9MN-c?authuser=0&hl=id&g_ep=EgoyMDI2MDkwNi4wIJJjKgBIAVAD&rclk=1,False,4.9,27,Wonokromo,-7.2958147,112.7216907,
11,AZALIA Kost Rungkut,"Jl. Rungkut Menanggal Harapan No.H32, Rungkut Menanggal, Kec. Gn. Anyar, Surabaya, Jawa Timur 60293",,,tidak diketahui,tidak diketahui,https://www.google.com/maps/place/AZALIA+Kost+Rungkut/data=!4m7!3m6!1s0x2dd7fb74122ae819:0xb23966c67f1ee69!8m2!3d-7.3373853!4d112.7762793!16s%2Fg%2F11gjvsnpm4!19sChIJGegqEnT71y0Rae7xZ2yWIws?authuser=0&hl=id&g_ep=EgoyMDI2MDkwNi4wIJJjKgBIAVAD&rclk=1,False,,,Rungkut,-7.3373853,112.7762793,
12,Adel Kost Sawahan," Banyu Urip Wetan VI No.59, Putat Jaya, Kec. Sawahan, Surabaya, Jawa Timur 60255",,,tidak diketahui,tidak diketahui,https://www.google.com/maps/place/Adel+Kost+Sawahan/data=!4m7!3m6!1s0x2dd7fb815f538831:0xa9a1081e3ccb851c!8m2!3d-7.2801362!4d112.7251875!16s%2Fg%2F11zcs00rgy!19sChIJMYhTX4H71y0RHIXLPB4Ioak?authuser=0&hl=id&g_ep=EgoyMDI2MDkwNi4wIJJjKgBIAVAD&rclk=1,False,,,Sawahan,-7.2801362,112.7251875,
13,Adezera Kost," Jl. Kejawan Putih Tambak No.57 / 72, Kejawaan Putih Tamba, Kec. Mulyorejo, Surabaya, Jawa Timur 60112",,,tidak diketahui,tidak diketahui,https://www.google.com/maps/place/Adezera+Kost/data=!4m7!3m6!1s0x51044bb68910e23:0x37998349bc7e5e24!8m2!3d-7.280741!4d112.802279!16s%2Fg%2F11b7g2jktv!19sChIJIw6RaLtEEAURJF5-vEmDmTc?authuser=0&hl=id&g_ep=EgoyMDI2MDkwNi4wIJJjKgBIAVAD&rclk=1,False,3.4,54,Mulyorejo,-7.280741,112.802279,
14,Adrian kost," Jl. Gayung Kebonsari No.9, Ketintang, Kec. Gayungan, Surabaya, Jawa Timur 60235",,,tidak diketahui,tidak diketahui,https://www.google.com/maps/place/Adrian+kost/data=!4m7!3m6!1s0x2dd7fb5d30bfe8bd:0xb1bb9150921fb93b!8m2!3d-7.3285237!4d112.7195974!16s%2Fg%2F11fml1zlf3!19sChIJvei_MF371y0RO7kfklCRu7E?authuser=0&hl=id&g_ep=EgoyMDI2MDkwNi4wIJJjKgBIAVAD&rclk=1,False,4.7,18,Gayungan,-7.3285237,112.7195974,
15,Alelnas kost," Jl. Semolowaru No.135, Semolowaru, Kec. Sukolilo, Surabaya, Jawa Timur 60119",,,tidak diketahui,tidak diketahui,https://www.google.com/maps/place/Alelnas+kost/data=!4m7!3m6!1s0x2dd7fb0066486ac3:0x825ad4ef8ddb4b57!8m2!3d-7.3003981!4d112.77783!16s%2Fg%2F11zd4bz0hd!19sChIJw2pIZgD71y0RV0vbje_UWoI?authuser=0&hl=id&g_ep=EgoyMDI2MDkwNi4wIJJjKgBIAVAD&rclk=1,False,5.0,1,Sukolilo,-7.3003981,112.77783,
16,Alfarez kost / kost bu siti," Jl. Mulyorejo Utara No.191, Mulyorejo, Kec. Mulyorejo, Surabaya, Jawa Timur 60115",,,tidak diketahui,tidak diketahui,https://www.google.com/maps/place/Alfarez+kost+%2F+kost+bu+siti/data=!4m7!3m6!1s0x2dd7f90050ea9353:0x92495e4c9401d08b!8m2!3d-7.2629811!4d112.7842533!16s%2Fg%2F11mt79nhjr!19sChIJU5PqUAD51y0Ri9ABlExeSZI?authuser=0&hl=id&g_ep=EgoyMDI2MDkwNi4wIJJjKgBIAVAD&rclk=1,False,,,Mulyorejo,-7.2629811,112.7842533,
17,Alima kost," Jl. Jambangan Kebon Agung Tol No.18, Jambangan, Kec. Jambangan, Surabaya, Jawa Timur 60232",,,tidak diketahui,tidak diketahui,https://www.google.com/maps/place/Alima+kost/data=!4m7!3m6!1s0x2dd7fb0033e142a3:0x63a0bd4914f6231e!8m2!3d-7.3181262!4d112.716584!16s%2Fg%2F11mly4qvjy!19sChIJo0LhMwD71y0RHiP2FEm9oGM?authuser=0&hl=id&g_ep=EgoyMDI2MDkwNi4wIJJjKgBIAVAD&rclk=1,False,4.0,2,Jambangan,-7.3181262,112.716584,
18,Amaryllis Rumah Kost Putri," Jl. Jetis Kulon III No.6, RT.005/RW.04, Wonokromo, Kec. Wonokromo, Surabaya, Jawa Timur 60243",,,tidak diketahui,tidak diketahui,https://www.google.com/maps/place/Amaryllis+Rumah+Kost+Putri/data=!4m7!3m6!1s0x2dd7fbe8b86ab871:0xdc843bc68ae61cba!8m2!3d-7.3087992!4d112.7325887!16s%2Fg%2F11l1jr8gr3!19sChIJcbhquOj71y0RuhzmisY7hNw?authuser=0&hl=id&g_ep=EgoyMDI2MDkwNi4wIJJjKgBIAVAD&rclk=1,False,5.0,11,Wonokromo,-7.3087992,112.7325887,
19,Ambar24 Kos Putri," Jl. Sutorejo Sel. VIII No.24, Dukuh Sutorejo, Kec. Mulyorejo, Surabaya, Jawa Timur 60113",,,tidak diketahui,tidak diketahui,https://www.google.com/maps/place/Ambar24+Kos+Putri/data=!4m7!3m6!1s0x2dd7fb7a0768e0a1:0x9a6f382755f465ab!8m2!3d-7.269603!4d112.7934219!16s%2Fg%2F11f7b_0dlt!19sChIJoeBoB3r71y0Rq2X0VSc4b5o?authuser=0&hl=id&g_ep=EgoyMDI2MDkwNi4wIJJjKgBIAVAD&rclk=1,False,5.0,15,Mulyorejo,-7.269603,112.7934219,
20,Arkilla Kost," Jl. Petemon IV No.129 A, Petemon, Kec. Sawahan, Surabaya, Jawa Timur 60252",,,tidak diketahui,tidak diketahui,https://www.google.com/maps/place/Arkilla+Kost/data=!4m7!3m6!1s0x2dd7f9b72ba2f2dd:0x827303983593ab40!8m2!3d-7.2658732!4d112.7176025!16s%2Fg%2F11vztx_0g3!19sChIJ3fKiK7f51y0RQKuTNZgDc4I?authuser=0&hl=id&g_ep=EgoyMDI2MDkwNi4wIJJjKgBIAVAD&rclk=1,False,5.0,9,Sawahan,-7.2658732,112.7176025,
21,Athaya Co Living," Jl. Gubeng Airlangga IV No.60, Airlangga, Kec. Gubeng, Surabaya, Jawa Timur 60286",,,tidak diketahui,tidak diketahui,https://www.google.com/maps/place/Athaya+Co+Living/data=!4m10!3m9!1s0x2dd7fbd1057b9b39:0xb29da8eb505a1cdb!5m2!4m1!1i2!8m2!3d-7.2734021!4d112.7546667!16s%2Fg%2F11clfj_rdl!19sChIJOZt7BdH71y0R2xxaUOuonbI?authuser=0&hl=id&g_ep=EgoyMDI2MDkwNi4wIJJjKgBIAVAD&rclk=1,False,4.3,68,Gubeng,-7.2734021,112.7546667,
22,Azalia Kost WisPer," Wisma Permai Tengah I Blok CC1, Mulyorejo, Kec. Mulyorejo, Surabaya, Jawa Timur 60115",,,tidak diketahui,tidak diketahui,https://www.google.com/maps/place/Azalia+Kost+WisPer/data=!4m7!3m6!1s0x2dd7fbe2ad42f099:0x4677bf75ce38bc0b!8m2!3d-7.274499!4d112.788463!16s%2Fg%2F11fmy01pyr!19sChIJmfBCreL71y0RC7w4znW_d0Y?authuser=0&hl=id&g_ep=EgoyMDI2MDkwNi4wIJJjKgBIAVAD&rclk=1,False,4.5,17,Mulyorejo,-7.274499,112.788463,
23,"B - Kost ITS, Kost Mahasiswi ITS Surabaya","Jl. Gebang Kidul Gg. Puskesmas No.24, Gebang Putih, Kec. Sukolilo, Surabaya, Jawa Timur 60117",,,tidak diketahui,tidak diketahui,"https://www.google.com/maps/place/B+-+Kost+ITS,+Kost+Mahasiswi+ITS+Surabaya/data=!4m7!3m6!1s0x2dd7fa1561058efd:0xc161a30633d70aa5!8m2!3d-7.2833409!4d112.7869616!16s%2Fg%2F11cs9lr_5y!19sChIJ_Y4FYRX61y0RpQrXMwajYcE?authuser=0&hl=id&g_ep=EgoyMDI2MDkwNi4wIJJjKgBIAVAD&rclk=1",False,,,Sukolilo,-7.2833409,112.7869616,
24,BP KOST," Jl. Karah Indah No.21 Blok A, RT.001/RW.01, Karah, Kec. Jambangan, Surabaya, Jawa Timur 60232",,,tidak diketahui,tidak diketahui,https://www.google.com/maps/place/BP+KOST/data=!4m7!3m6!1s0x2dd7fb001f2160bb:0xcab9a8bd33a9d79!8m2!3d-7.311587!4d112.7188292!16s%2Fg%2F11yqt5h0yp!19sChIJu2AhHwD71y0ReZ0604uaqww?authuser=0&hl=id&g_ep=EgoyMDI2MDkwNi4wIJJjKgBIAVAD&rclk=1,False,4.5,2,Jambangan,-7.311587,112.7188292,
25,BYRELQIIS KOST cabang Wonokromo SURABAYA SELATAN," Jl. Joyoboyo Belakang No.26, Sawunggaling, Kec. Wonokromo, Surabaya, Jawa Timur 60242",,,tidak diketahui,tidak diketahui,https://www.google.com/maps/place/BYRELQIIS+KOST+cabang+Wonokromo+SURABAYA+SELATAN/data=!4m7!3m6!1s0x2dd7fbfb75c875b3:0x71efcf3886ec32ed!8m2!3d-7.298212!4d112.7340719!16s%2Fg%2F11hdy24q8h!19sChIJs3XIdfv71y0R7TLshjjP73E?authuser=0&hl=id&g_ep=EgoyMDI2MDkwNi4wIJJjKgBIAVAD&rclk=1,False,4.2,6,Wonokromo,-7.298212,112.7340719,
26,Bahari Kost," Jl. Lidah Kulon Gg. II No.39, Lidah Kulon, Kec. Lakarsantri, Surabaya, Jawa Timur 60213",,,tidak diketahui,tidak diketahui,https://www.google.com/maps/place/Bahari+Kost/data=!4m7!3m6!1s0x2dd7fd000be78835:0xe89ed07189b1f40c!8m2!3d-7.303725!4d112.6603612!16s%2Fg%2F11n3_81z9p!19sChIJNYjnCwD91y0RDPSxiXHQnug?authuser=0&hl=id&g_ep=EgoyMDI2MDkwNi4wIJJjKgBIAVAD&rclk=1,False,5.0,1,Lakarsantri,-7.303725,112.6603612,
27,Bahari Kost," ZA, blok Za Surabaya Jl. Raya Wisma Lidah Kulon No.12, Lidah Kulon, Lakarsantri, Surabaya, East Java 60211",,,tidak diketahui,tidak diketahui,https://www.google.com/maps/place/Bahari+Kost/data=!4m7!3m6!1s0x2dd7fd09755ffb7d:0x4cb127e293dc2c10!8m2!3d-7.314503!4d112.6510622!16s%2Fg%2F11cjhl217k!19sChIJfftfdQn91y0RECzck-InsUw?authuser=0&hl=id&g_ep=EgoyMDI2MDkwNi4wIJJjKgBIAVAD&rclk=1,False,4.6,23,Lakarsantri,-7.314503,112.6510622,
28,Basecamp KOST," MP7F+2PP, Jl. Gayungsari, Gayungan, Kec. Gayungan, Surabaya, Jawa Timur 60234",,,tidak diketahui,tidak diketahui,https://www.google.com/maps/place/Basecamp+KOST/data=!4m7!3m6!1s0x2dd7fb003945fe01:0x659ed893b11376fe!8m2!3d-7.3374014!4d112.7243165!16s%2Fg%2F11y_3cn1p2!19sChIJAf5FOQD71y0R_nYTsZPYnmU?authuser=0&hl=id&g_ep=EgoyMDI2MDkwNi4wIJJjKgBIAVAD&rclk=1,False,5.0,12,Gayungan,-7.3374014,112.7243165,
29,Betty Kost," PPJM+GJG, Jl. Wonorejo I, Wonorejo, Kec. Tegalsari, Surabaya, Jawa Timur 60263",,,tidak diketahui,tidak diketahui,https://www.google.com/maps/place/Betty+Kost/data=!4m7!3m6!1s0x2dd7fbe194e437d5:0x20634d8471bf48ca!8m2!3d-7.2686773!4d112.7340918!16s%2Fg%2F11b6ct077z!19sChIJ1TfklOH71y0Ryki_cYRNYyA?authuser=0&hl=id&g_ep=EgoyMDI2MDkwNi4wIJJjKgBIAVAD&rclk=1,False,4.3,40,Tegalsari,-7.2686773,112.7340918,
30,Bless Kost mulyorejo - KOST PUTRI UNAIR Surabaya," gg. Hj. Syiamsiani Jl. Mulyorejo No.16, Mulyorejo, Kec. Mulyorejo, Surabaya, Jawa Timur 60112",,,tidak diketahui,tidak diketahui,https://www.google.com/maps/place/Bless+Kost+mulyorejo+-+KOST+PUTRI+UNAIR+Surabaya/data=!4m7!3m6!1s0x2dd7fb19667e7c07:0x4de88f25898ea55b!8m2!3d-7.2644392!4d112.7772408!16s%2Fg%2F11q7y983g3!19sChIJB3x-Zhn71y0RW6WOiSWP6E0?authuser=0&hl=id&g_ep=EgoyMDI2MDkwNi4wIJJjKgBIAVAD&rclk=1,False,4.6,11,Mulyorejo,-7.2644392,112.7772408,
31,Bobokost Tunjungan," Jl. Kupang Segunting III No.19, DR. Soetomo, Kec. Tegalsari, Surabaya, Jawa Timur 60264",,,tidak diketahui,tidak diketahui,https://www.google.com/maps/place/Bobokost+Tunjungan/data=!4m7!3m6!1s0x2dd7fb5e35f25a8b:0x3f280d16d5f10354!8m2!3d-7.2772772!4d112.7333703!16s%2Fg%2F11sjcx16z3!19sChIJi1ryNV771y0RVAPx1RYNKD8?authuser=0&hl=id&g_ep=EgoyMDI2MDkwNi4wIJJjKgBIAVAD&rclk=1,False,4.8,43,Tegalsari,-7.2772772,112.7333703,
32,Brio Kost Single," Jl. Raya Wiyung Perum brantas hilir No.312 C3, Wiyung, Kec. Wiyung, Surabaya, Jawa Timur 60227",,,tidak diketahui,tidak diketahui,https://www.google.com/maps/place/Brio+Kost+Single/data=!4m7!3m6!1s0x2dd7fda60da78a55:0x77f3003f17d817af!8m2!3d-7.3125977!4d112.6885701!16s%2Fg%2F11lfkj8zzk!19sChIJVYqnDab91y0RrxfYFz8A83c?authuser=0&hl=id&g_ep=EgoyMDI2MDkwNi4wIJJjKgBIAVAD&rclk=1,False,4.8,5,Wiyung,-7.3125977,112.6885701,
33,Bu Nanik Kost Boys," Babatan 1G No.1, RT.7/RW.2, Babatan, Kec. Wiyung, Surabaya, Jawa Timur 60227",,,tidak diketahui,tidak diketahui,https://www.google.com/maps/place/Bu+Nanik+Kost+Boys/data=!4m7!3m6!1s0x2dd7fdf756b4b689:0x880ada6f2774a969!8m2!3d-7.3064161!4d112.6800295!16s%2Fg%2F11g2366d3r!19sChIJiba0Vvf91y0Raal0J2_aCog?authuser=0&hl=id&g_ep=EgoyMDI2MDkwNi4wIJJjKgBIAVAD&rclk=1,False,4.8,23,Wiyung,-7.3064161,112.6800295,
34,CHYRA KOST," Jl. Petemon Sidomulyo IV No.43, Petemon, Kec. Sawahan, Surabaya, Jawa Timur 60252",,,tidak diketahui,tidak diketahui,https://www.google.com/maps/place/CHYRA+KOST/data=!4m7!3m6!1s0x2dd7f9006f37599b:0xcead8e5876c47d2c!8m2!3d-7.2612933!4d112.7191804!16s%2Fg%2F11y097vs3p!19sChIJm1k3bwD51y0RLH3EdliOrc4?authuser=0&hl=id&g_ep=EgoyMDI2MDkwNi4wIJJjKgBIAVAD&rclk=1,False,5.0,7,Sawahan,-7.2612933,112.7191804,
35,COZY STAY @ KOST PAK PUN," RT.4/RW.2, Lidah Kulon, Kec. Lakarsantri, Surabaya, Jawa Timur 60213",,,tidak diketahui,tidak diketahui,https://www.google.com/maps/place/COZY+STAY+@+KOST+PAK+PUN/data=!4m7!3m6!1s0x2dd7fd1fae63e523:0xcb343f260d2302e0!8m2!3d-7.3012427!4d112.6576001!16s%2Fg%2F11h_672qrw!19sChIJI-Vjrh_91y0R4AIjDSY_NMs?authuser=0&hl=id&g_ep=EgoyMDI2MDkwNi4wIJJjKgBIAVAD&rclk=1,False,4.7,18,Lakarsantri,-7.3012427,112.6576001,
36,Casa De Java Surabaya,"Jl. Manyar Sambongan No.68, RT.05/RW.03, Kertajaya, Kec. Gubeng, Surabaya, Jawa Timur 60282",,,tidak diketahui,tidak diketahui,https://www.google.com/maps/place/Casa+De+Java+Surabaya/data=!4m7!3m6!1s0x2dd7fb22cd0878bd:0xa1dea8b45b67d2d1!8m2!3d-7.2817945!4d112.7599434!16s%2Fg%2F11rxnc4y57!19sChIJvXgIzSL71y0R0dJnW7So3qE?authuser=0&hl=id&g_ep=EgoyMDI2MDkwNi4wIJJjKgBIAVAD&rclk=1,False,,,Gubeng,-7.2817945,112.7599434,
37,Cozy Executive Kost," ruko rungkut makmur No.C77, Kali Rungkut, Kec. Rungkut, Surabaya, Jawa Timur 60293",,,tidak diketahui,tidak diketahui,https://www.google.com/maps/place/Cozy+Executive+Kost/data=!4m7!3m6!1s0x2dd7fae67b29f2b3:0xc41a4224dbd7676a!8m2!3d-7.3213372!4d112.7723738!16s%2Fg%2F11hbgj26hm!19sChIJs_Ipe-b61y0RamfX2yRCGsQ?authuser=0&hl=id&g_ep=EgoyMDI2MDkwNi4wIJJjKgBIAVAD&rclk=1,False,4.5,11,Rungkut,-7.3213372,112.7723738,
38,Cozy Kost Rungkut," Jl. Medokan Asri Timur No.25B III No 25A, Kali Rungkut, Kec. Rungkut, Surabaya, Jawa Timur 60293",,,tidak diketahui,tidak diketahui,https://www.google.com/maps/place/Cozy+Kost+Rungkut/data=!4m7!3m6!1s0x2dd7fb4201765ad3:0x5fc4a3f44095573c!8m2!3d-7.3284041!4d112.7873809!16s%2Fg%2F11xg3nj4ff!19sChIJ01p2AUL71y0RPFeVQPSjxF8?authuser=0&hl=id&g_ep=EgoyMDI2MDkwNi4wIJJjKgBIAVAD&rclk=1,False,4.8,22,Rungkut,-7.3284041,112.7873809,
39,Cozy Kost Surabaya Ketintang," Jl. Karangrejo XV No.9, Wonokromo, Kec. Wonokromo, Surabaya, Jawa Timur 60243",,,tidak diketahui,tidak diketahui,https://www.google.com/maps/place/Cozy+Kost+Surabaya+Ketintang/data=!4m7!3m6!1s0x2dd7fb9d42ea4af7:0x4e93abc5fdd2eef3!8m2!3d-7.3071922!4d112.7284845!16s%2Fg%2F11c37h_bf5!19sChIJ90rqQp371y0R8-7S_cWrk04?authuser=0&hl=id&g_ep=EgoyMDI2MDkwNi4wIJJjKgBIAVAD&rclk=1,False,4.2,39,Wonokromo,-7.3071922,112.7284845,
40,Cozy Place," Jl. Petemon IV No.32, Petemon, Kec. Sawahan, Surabaya, Jawa Timur 60253",,,tidak diketahui,tidak diketahui,https://www.google.com/maps/place/Cozy+Place/data=!4m7!3m6!1s0x2dd7f94c39d049c3:0xb85594c9a257479c!8m2!3d-7.2664703!4d112.7223109!16s%2Fg%2F11sychsxb2!19sChIJw0nQOUz51y0RnEdXosmUVbg?authuser=0&hl=id&g_ep=EgoyMDI2MDkwNi4wIJJjKgBIAVAD&rclk=1,False,4.8,16,Sawahan,-7.2664703,112.7223109,
41,CozyRooms Kost," No. 189-191, Jl. Mulyorejo Utara, Kalijudan, Kec. Mulyorejo, Surabaya, Jawa Timur 60115",,,tidak diketahui,tidak diketahui,https://www.google.com/maps/place/CozyRooms+Kost/data=!4m7!3m6!1s0x2dd7f98db2ca3327:0x8fc1e7cbcd92fee7!8m2!3d-7.2629975!4d112.7841275!16s%2Fg%2F1pzrkklf1!19sChIJJzPKso351y0R5_6SzcvnwY8?authuser=0&hl=id&g_ep=EgoyMDI2MDkwNi4wIJJjKgBIAVAD&rclk=1,False,4.6,43,Mulyorejo,-7.2629975,112.7841275,
42,D NINA'S Kost Ketintang Timur PTT III/12 Surabaya," Jl. Ketintang Tim. PTT III No.12, Ketintang, Kec. Gayungan, Surabaya, Jawa Timur 60235",,,tidak diketahui,tidak diketahui,https://www.google.com/maps/place/D+NINA%27S+Kost+Ketintang+Timur+PTT+III%2F12+Surabaya/data=!4m7!3m6!1s0x2dd7fb1e11ba1b1f:0xd9a92d1c015462b7!8m2!3d-7.310908!4d112.7312535!16s%2Fg%2F11kh4zs2c_!19sChIJHxu6ER771y0Rt2JUARwtqdk?authuser=0&hl=id&g_ep=EgoyMDI2MDkwNi4wIJJjKgBIAVAD&rclk=1,False,5.0,4,Gayungan,-7.310908,112.7312535,
43,D kost fti 31," Jl. Ketintang Baru No.17/31, Ketintang, Kec. Gayungan, Surabaya, Jawa Timur 60231",,,tidak diketahui,tidak diketahui,https://www.google.com/maps/place/D+kost+fti+31/data=!4m7!3m6!1s0x2dd7fb005155fb21:0x739ebdcd0100f98b!8m2!3d-7.318308!4d112.7270502!16s%2Fg%2F11xghf790l!19sChIJIftVUQD71y0Ri_kAAc29nnM?authuser=0&hl=id&g_ep=EgoyMDI2MDkwNi4wIJJjKgBIAVAD&rclk=1,False,5.0,1,Gayungan,-7.318308,112.7270502,
44,D'Avyla kost," Jl. Jambangan Baru I rukos B2 No.10A, Jambangan, Kec. Jambangan, Surabaya, Jawa Timur 60232",,,tidak diketahui,tidak diketahui,https://www.google.com/maps/place/D%27Avyla+kost/data=!4m7!3m6!1s0x2dd7fb0ac25a1fc9:0xe2c4e7fbee1d4822!8m2!3d-7.3160024!4d112.7178805!16s%2Fg%2F11y84hbvzq!19sChIJyR9awgr71y0RIkgd7vvnxOI?authuser=0&hl=id&g_ep=EgoyMDI2MDkwNi4wIJJjKgBIAVAD&rclk=1,False,5.0,6,Jambangan,-7.3160024,112.7178805,
45,D'Kost Inn," MQJJ+537, Jl. Wisma Kedung Asem Indah, Kedung Baruk, Kec. Rungkut, Surabaya, Jawa Timur 60298",,,tidak diketahui,tidak diketahui,https://www.google.com/maps/place/D%27Kost+Inn/data=!4m7!3m6!1s0x2dd7fb007d5b7b27:0xadb5141e49811e63!8m2!3d-7.3195877!4d112.7801769!16s%2Fg%2F11x78j5phb!19sChIJJ3tbfQD71y0RYx6BSR4Uta0?authuser=0&hl=id&g_ep=EgoyMDI2MDkwNi4wIJJjKgBIAVAD&rclk=1,False,1.0,1,Rungkut,-7.3195877,112.7801769,
46,D'Kost Ketintang Sel.," Jl. Ketintang Sel. III No.12-14, Karah, Kec. Jambangan, Surabaya, Jawa Timur 60232",,,tidak diketahui,tidak diketahui,https://www.google.com/maps/place/D%27Kost+Ketintang+Sel./data=!4m7!3m6!1s0x2dd7fbf195d1d735:0x6f9542f9e82b0c6d!8m2!3d-7.3179021!4d112.7229958!16s%2Fg%2F11j0b4yqs2!19sChIJNdfRlfH71y0RbQwr6PlClW8?authuser=0&hl=id&g_ep=EgoyMDI2MDkwNi4wIJJjKgBIAVAD&rclk=1,False,4.0,4,Jambangan,-7.3179021,112.7229958,
47,"D'Kost Pria ""telupitoe"""," Jl. Ketintang Bar. Indah No.kav. 37, Karah, Kec. Jambangan, Surabaya, Jawa Timur 60231",,,tidak diketahui,tidak diketahui,https://www.google.com/maps/place/D%27Kost+Pria+%22telupitoe%22/data=!4m7!3m6!1s0x2dd7fb9cf168ed97:0x23019d950c25dd6e!8m2!3d-7.3104992!4d112.7213429!16s%2Fg%2F11fkdjp9bz!19sChIJl-1o8Zz71y0Rbt0lDJWdASM?authuser=0&hl=id&g_ep=EgoyMDI2MDkwNi4wIJJjKgBIAVAD&rclk=1,False,4.4,13,Jambangan,-7.3104992,112.7213429,
48,D'Kost Sumatra 117," Jl. Sumatera No.117, Gubeng, Kec. Gubeng, Surabaya, Jawa Timur 60281",,,tidak diketahui,tidak diketahui,https://www.google.com/maps/place/D%27Kost+Sumatra+117/data=!4m7!3m6!1s0x2dd7fb79800abe75:0xb04dab4f07f5e975!8m2!3d-7.2754992!4d112.7452602!16s%2Fg%2F11j4flsg8k!19sChIJdb4KgHn71y0Rden1B0-rTbA?authuser=0&hl=id&g_ep=EgoyMDI2MDkwNi4wIJJjKgBIAVAD&rclk=1,False,4.5,31,Gubeng,-7.2754992,112.7452602,
49,DEE GREEN KOST 3," Jl. Kandangan Jaya V No.20, Kandangan, Kec. Benowo, Surabaya, Jawa Timur 60199",,,tidak diketahui,tidak diketahui,https://www.google.com/maps/place/DEE+GREEN+KOST+3/data=!4m7!3m6!1s0x2dd7ff007608f5b5:0x35dc9609775331f0!8m2!3d-7.2502635!4d112.6498814!16s%2Fg%2F11z78drhsc!19sChIJtfUIdgD_1y0R8DFTdwmW3DU?authuser=0&hl=id&g_ep=EgoyMDI2MDkwNi4wIJJjKgBIAVAD&rclk=1,False,,,Benowo,-7.2502635,112.6498814,
50,DELA KOST RUNGKUT," MQFP+XQ X, Blk. H - I No.4, Penjaringan Sari, Kec. Rungkut, Surabaya, Jawa Timur 60297",,,tidak diketahui,tidak diketahui,https://www.google.com/maps/place/DELA+KOST+RUNGKUT/data=!4m7!3m6!1s0x2dd7fbc75423cb17:0xeafcdc83b9810659!8m2!3d-7.3250273!4d112.7869319!16s%2Fg%2F11rcq0mcsz!19sChIJF8sjVMf71y0RWQaBuYPc_Oo?authuser=0&hl=id&g_ep=EgoyMDI2MDkwNi4wIJJjKgBIAVAD&rclk=1,False,4.4,9,Rungkut,-7.3250273,112.7869319,
